Sat May 02 17:04:30 +0000 2015,the Big Cat going all Dennis Rodman/Karl Malone on Lebron #Bulls #headgames #foreigner https://t.co/hHy1lqgBTs
Sat May 02 17:03:38 +0000 2015,RT @BeforeFamePics: Joakim Noah (#Bulls) on playing in Cleveland #FlashbackFriday https://t.co/pPC7r2I8Pf
Sat May 02 17:02:58 +0000 2015,RT @CBullsfans: 5 Matchups to Watch in Chicago Bulls vs. Cleveland Cavaliers 2nd-Round Series http://t.co/3JzqnsDFgO #Bulls #NBA
Sat May 02 17:02:26 +0000 2015,#bullsnation Cleveland Cavaliers – Chicago Bulls Playoffs Preview: Derrick Rose Thinks This Is... http://t.co/7AAw0rtCio #chicago #bulls
Sat May 02 17:02:06 +0000 2015,#Bulls #Collectible 1995-96 Fleer Total D Michael Jordan Card #3 Bulls http://t.co/RnW30rYc6W #MichaelJordan
Sat May 02 17:02:05 +0000 2015,#Sporting #Goods Rare NWT #23 Michael Jordan Chicago #Bulls White Stitched Jersey Swingman SZ M http://t.co/HTXM3rbMJw #Deals #Bargains
Sat May 02 17:02:05 +0000 2015,#NBA #Basketball VTG NBA REEBOK CHICAGO #Bulls YOUTH LARGE 14-16 BASKETBALL JERSEY #12 HINRICH NBA http://t.co/bYrpsA7NxZ #onsale #Discount
Sat May 02 17:02:00 +0000 2015,RT @canalspace: ¡Próximo juego por la #NBAenSPACE confirmado! Semifinales a la vista: #BULLS vs #CAVS el LUNES (7PM ET) http://t.co/qPUp8yI…
Sat May 02 17:01:57 +0000 2015,RT @BraysWorld: First at bat of the season: https://t.co/QzW8jDFztY #Bulls #LittleLeague
Sat May 02 17:01:12 +0000 2015,#Lions looked pretty good last week but should be outgunned v the #Bulls. Bulls have the 81% win chance #BULvLIO
Sat May 02 17:01:04 +0000 2015,TIX http://t.co/QPfcVZgqXO A D 2 Playoff #Ticket Cleveland #Cavaliers vs Chicago #Bulls Rnd2 Game1… http://t.co/Tlle8m7fl8 #Tickets…
Sat May 02 17:00:25 +0000 2015,Vodacom #Bulls vs Emirates #Lions Teamsheets Kick-off: 19h10 CAT #SuperRugby https://t.co/asDTNCnrMg
Sat May 02 17:00:15 +0000 2015,5 Matchups to Watch in Chicago Bulls vs. Cleveland Cavaliers 2nd-Round Series http://t.co/3JzqnsDFgO #Bulls #NBA
Sat May 02 16:59:30 +0000 2015,RT @BeforeFamePics: Joakim Noah (#Bulls) on playing in Cleveland #FlashbackFriday https://t.co/pPC7r2I8Pf
Sat May 02 16:59:11 +0000 2015,RT @janinasays: Lekker Cheetahs!!!! My hart is bly! Nou vir die #BULLS
Sat May 02 16:58:25 +0000 2015,First at bat of the season: https://t.co/QzW8jDFztY #Bulls #LittleLeague
Sat May 02 16:57:19 +0000 2015,@AdamtheBullFAN  With the K-Love injury a lot of the experts have jumped off the #Cavs bandwagon and picking the #Bulls to beat them...
Sat May 02 16:57:07 +0000 2015,L #Basketball #Bulls 2011 Goodwin Champions Black Border Lady Luck #DerrickRose Mini Bulls *S996 #Buzz #Collectible http://t.co/nJij0LYeBr
Sat May 02 16:57:06 +0000 2015,L #NBA #Basketball #23 Michael Jordan Chicago #Bulls Black/Red Pinstripe Jersey - Size L #onsale #Discount http://t.co/RqT8Q98jeN
Sat May 02 16:57:06 +0000 2015,L L L #Bulls #Collectible MICHAEL JORDAN EDDIE JONES 1998 TOPPS MYSTERY FINEST INSERT #M20 #MichaelJordan http://t.co/NLb6bZpQFc
Sat May 02 16:57:05 +0000 2015,#FatLoss #Fitness Have You Tried Using Free Calorie Counting Apps Yet? http://t.co/e1vPfSnDSM #Bulls #FitBit
Sat May 02 16:56:02 +0000 2015,Derrick Rose helps #Bulls put away pesky #NBA #Sixers http://t.co/xCWJjmBO9N
Sat May 02 16:55:50 +0000 2015,Didn't see that result coming! @CheetahsRugby denying @THESTORMERS any points in @super_rugby MASSIVE game next #lions v #bulls #ssrugby
Sat May 02 16:55:35 +0000 2015,#GetFit #Fitspo Develop Healthy Habits For The Work Week http://t.co/fJp4cfeAFQ #DerrickRose #Bulls
Sat May 02 16:55:33 +0000 2015,#Bulls #BlackhawksNBAPlayoffs  NHLPlayoffsSave Big $$$http://t.co/7IH2lnuMiECompare B4 U Buy!!!Quit wasting your hard earned money!!!
Sat May 02 16:55:27 +0000 2015,RT @janinasays: Lekker Cheetahs!!!! My hart is bly! Nou vir die #BULLS
Sat May 02 16:55:17 +0000 2015,Lekker Cheetahs!!!! My hart is bly! Nou vir die #BULLS
Sat May 02 16:53:38 +0000 2015,RT @BeforeFamePics: Joakim Noah (#Bulls) on playing in Cleveland #FlashbackFriday https://t.co/pPC7r2I8Pf
Sat May 02 16:52:34 +0000 2015,#Basketball #Bulls #DerrickRose - McFarlane #NBA Series 24 Chicago Bulls BRONZE VARIANT CL… http://t.co/RlH1bvAhQk #Buzz #Collectible
Sat May 02 16:52:33 +0000 2015,#DerrickRose #Bulls DERRICK ROSE - McFarlane NBA Series 24 Chicago Bulls BRONZE VARIANT CL… http://t.co/1xK7SJTOHP #NBA #Collectibles
Sat May 02 16:52:05 +0000 2015,TIX http://t.co/WNmQiCuOIw 2 TICKETS CLEVELAND CAVS CAVALIERS VS. CHICAGO #Bulls 5/4/15 AISLE http://t.co/inzCrzDNYB #Tickets #Ticket
Sat May 02 16:51:56 +0000 2015,RT @TheBullsShow: #Bulls went 3 years w/ their franchise player out for the playoffs. It'll probably be that long before I feel bad about d…
Sat May 02 16:50:44 +0000 2015,RT @ChicagoSports: #Bulls’ Mike Dunleavy avoids suspension via @KCJHoop: http://t.co/KHZUOQFGCm http://t.co/UtD9Al9rL9
Sat May 02 16:50:42 +0000 2015,RT @ChicagoSports: #Bulls’ Mike Dunleavy avoids suspension via @KCJHoop: http://t.co/KHZUOQFGCm http://t.co/UtD9Al9rL9
Sat May 02 16:49:34 +0000 2015,TIX http://t.co/QPfcVZgqXO 2 #Ticket CLEVELAND CAVS #Cavaliers VS. CHICAGO #Bulls 5/4/15 AISLE S http://t.co/BK8WS25fNd #Tickets #Deals
Sat May 02 16:49:26 +0000 2015,Droneflight nature Keent #droneflightsnl #drone #drones #quadcopter #bulls #nature #dji #phantom #noord... http://t.co/c66VHZ5bCS #drone
Sat May 02 16:49:13 +0000 2015,TIX http://t.co/WNmQiCuOIw L Cleveland Cavaliers Playoff vs Chicago #Bulls Tickets CENTER COURT… http://t.co/D9qjfI79Zg #Tickets #Ticket
Sat May 02 16:48:47 +0000 2015,. @MichelleDBeadle  2015 Commencement ceremony University of South Florida.  Sun Dome. #usf #bulls http://t.co/yxaYyo193Y
Sat May 02 16:48:29 +0000 2015,RT @ChicagoSports: #Bulls’ Mike Dunleavy avoids suspension via @KCJHoop: http://t.co/KHZUOQFGCm http://t.co/UtD9Al9rL9
Sat May 02 16:48:28 +0000 2015,RT @utr_sports_talk: Tune into UTR today Noon to 2pm Central WVLP 98.3 or click here http://t.co/sux7zvzJfJ. #wvlp #valpo #chicagoblackhawk…
Sat May 02 16:48:25 +0000 2015,RT @BeforeFamePics: Joakim Noah (#Bulls) on playing in Cleveland #FlashbackFriday https://t.co/pPC7r2I8Pf
Sat May 02 16:48:06 +0000 2015,TIX http://t.co/Y9MKRu4LFN A Cleveland #Cavaliers vs Chicago #Bulls Playoff #Ticket 05/06/15 **ROW… http://t.co/UZExVoL4fR #Tickets #Deals
Sat May 02 16:46:19 +0000 2015,RT @BeforeFamePics: Joakim Noah (#Bulls) on playing in Cleveland #FlashbackFriday https://t.co/pPC7r2I8Pf
Sat May 02 16:46:14 +0000 2015,RT @BeforeFamePics: Joakim Noah (#Bulls) on playing in Cleveland #FlashbackFriday https://t.co/pPC7r2I8Pf
Sat May 02 16:46:11 +0000 2015,#Bulls #Collectible 2013 14 Fleer retro 95-96 Ultra Card #177 Michael Jordan http://t.co/x6N6Zd5Uvr #MichaelJordan
Sat May 02 16:46:06 +0000 2015,#Sporting #Goods BRAND NWOT #NBA CHICAGO #Bulls ADJUSTABLE HAT http://t.co/QB9KCqr11x #Deals #Bargains
Sat May 02 16:46:05 +0000 2015,#NBA #Basketball CHICAGO #Bulls AUTHENTIC NBA APPAREL MENS BASEBALL STYLE JERSEY MEDIUM http://t.co/N2ewt7kakb #onsale #Discount
Sat May 02 16:45:51 +0000 2015,With #Cavs vs. #Bulls on the horizon we ask -- is this the year the Bulls beat LeBron? #nba http://t.co/4YQwah9s8E http://t.co/FHkwAZl5DF
Sat May 02 16:45:46 +0000 2015,RT @ChicagoSports: #Bulls’ Mike Dunleavy avoids suspension via @KCJHoop: http://t.co/KHZUOQFGCm http://t.co/UtD9Al9rL9
Sat May 02 16:45:11 +0000 2015,RT @ChicagoSports: #Bulls’ Mike Dunleavy avoids suspension via @KCJHoop: http://t.co/KHZUOQFGCm http://t.co/UtD9Al9rL9
Sat May 02 16:44:56 +0000 2015,SPORT: Ondersteuners wys hul ware kleure vir Gauteng-derby http://t.co/Wte75hl7xH #rugby #Bulls #Lions http://t.co/SC9lwUy5c8
Sat May 02 16:43:40 +0000 2015,@TheBullsShow Top #bulls influencer! Want to declutter you inbox quickly? Unroll.Me can help: http://t.co/zfyoccLfEv
Sat May 02 16:42:46 +0000 2015,RT @BeforeFamePics: Joakim Noah (#Bulls) on playing in Cleveland #FlashbackFriday https://t.co/pPC7r2I8Pf
Sat May 02 16:41:06 +0000 2015,#FatLoss #Fitness Keep Yourself Healthy With Matcha Green Tea http://t.co/chRSZJdehb #Bulls #FitBit
Sat May 02 16:40:59 +0000 2015,RT @BeforeFamePics: Joakim Noah (#Bulls) on playing in Cleveland #FlashbackFriday https://t.co/pPC7r2I8Pf
Sat May 02 16:40:51 +0000 2015,@MelbourneRebels (AUS) 16-15 @ChiefsRugby (NZL). Restan concluir: @CheetahsRugby (RSA) - @THESTORMERS (RSA) y #Bulls (RSA) - #Lions (RSA)
Sat May 02 16:40:17 +0000 2015,#GetFit #Fitspo Losing Weight By Drinking More Water And Less Unhealthy Drinks http://t.co/bBkcufGLWP #DerrickRose #Bulls
Sat May 02 16:40:06 +0000 2015,Derrick Rose Proving He Is Still Very Much Involved in Chicago Bulls' Future http://t.co/4HqMgcS9Y9 #Bulls #NBA
Sat May 02 16:40:04 +0000 2015,@balonalaire A #Marinos y #Bulls voy..! @marinosweb @chicagobulls #LPB #NBA
Sat May 02 16:39:55 +0000 2015,RT @BeforeFamePics: Joakim Noah (#Bulls) on playing in Cleveland #FlashbackFriday https://t.co/pPC7r2I8Pf
Sat May 02 16:39:51 +0000 2015,RT @BeforeFamePics: Joakim Noah (#Bulls) on playing in Cleveland #FlashbackFriday https://t.co/pPC7r2I8Pf
Sat May 02 16:39:32 +0000 2015,At http://t.co/W6jKxVre98 -- #chicagobulls #dabulls #hisairness From the #Bulls 50 point blowout the other night… http://t.co/56M3YwSDYY
Sat May 02 16:39:30 +0000 2015,At http://t.co/W6jKxVre98 -- #chicagobulls #dabulls #hisairness Relíquia de 1993...vermelha e linda sempre#bulls… http://t.co/OkU6xDPKJM
Sat May 02 16:38:33 +0000 2015,RT @LAlaLaSugar17: 昨日は、楽しかったね〜😊🌟だけど、試合ばっかりで、写真もっと撮りたかった〜😢💗ボール当てられた人すいません、😂😂😂#新歓 #激アツ浦高 #D団 #ゆるぎナイドラゲナイ #BULLS #全校生徒と友達なりたい http://t.co…Sat May 02 16:37:17 +0000 2015,#Sporting #Goods 2014-15 Panini Prizm Orange Die Cut #101 #DerrickRose #Bulls 091/139 *S1000 http://t.co/JVsV1kq8CH #Forsale #Onsale
Sat May 02 16:37:16 +0000 2015,#Basketball #Bulls #DerrickRose #NBA #Jersey NIKE sz 4x CHICAGO BULLS #5 SWINGMAN XXXXL http://t.co/Nvaybzc7X1 #Buzz #Collectible
Sat May 02 16:37:16 +0000 2015,#DerrickRose #Bulls DERRICK ROSE - McFarlane NBA Series 24 - Chicago Bulls Figure - Red… http://t.co/SHdpZtYYsf #NBA #Collectibles
Sat May 02 16:36:48 +0000 2015,Victor Matfield returns to the #Bulls side and captains the Pretoria side http://t.co/6K2JlLMqYs
Sat May 02 16:36:45 +0000 2015,RT @BeforeFamePics: Joakim Noah (#Bulls) on playing in Cleveland #FlashbackFriday https://t.co/pPC7r2I8Pf
Sat May 02 16:36:10 +0000 2015,L L L #Sporting #Goods Rare Vintage 90s #NBA Chicago #Bulls Michael Jordan Champion Jersey Toddler 2T Boy #Deals… http://t.co/FCwX8oJIKX
Sat May 02 16:36:09 +0000 2015,TIX http://t.co/WNmQiCuOIw Chicago #Bulls Playoff vs Cleveland Cavaliers Tickets 05/08/15… http://t.co/2eTk1Pt71h #Tickets #Ticket
Sat May 02 16:36:01 +0000 2015,RT @BeforeFamePics: Joakim Noah (#Bulls) on playing in Cleveland #FlashbackFriday https://t.co/pPC7r2I8Pf
Sat May 02 16:35:17 +0000 2015,RT @LAlaLaSugar17: 昨日は、楽しかったね〜😊🌟だけど、試合ばっかりで、写真もっと撮りたかった〜😢💗ボール当てられた人すいません、😂😂😂#新歓 #激アツ浦高 #D団 #ゆるぎナイドラゲナイ #BULLS #全校生徒と友達なりたい http://t.co…
Sat May 02 16:34:30 +0000 2015,Derrick Rose helps #Bulls put away pesky #NBA #Sixers http://t.co/l3di59JrCh
Sat May 02 16:34:28 +0000 2015,#NBA Derrick Rose helps #Bulls put away pesky #Sixers http://t.co/ApFl4fc3Ib
Sat May 02 16:34:23 +0000 2015,TIX http://t.co/WNmQiCuOIw L Round 2 Playoff Game #1 CLEVELAND Cavs Vs. Chicago #Bulls! http://t.co/OW3S1TTIG2 #Tickets #Ticket
Sat May 02 16:34:04 +0000 2015,TIX http://t.co/QPfcVZgqXO Cleveland #Cavaliers vs Chicago #Bulls Playoff #Ticket 05/06/15 **ROW… http://t.co/UZExVoL4fR #Tickets #Deals
Sat May 02 16:31:08 +0000 2015,L L #Sporting #Goods Chicago #Bulls Nike Warmup Jersey Youth Medium #Deals #Bargains http://t.co/iqk0qOp8MZ
Sat May 02 16:29:42 +0000 2015,You have to fight your ❤️ out to become a camp #mikeTysonpunchout #drose #bulls Dennisrodmansocks https://t.co/p55db821KY
Sat May 02 16:29:42 +0000 2015,RT @ChiSportUpdates: Game 1 will be first time Bulls start regular lineup of Rose Butler Dunleavy Noah and Gasol vs. Cavs( via @KCJHoop)…
Sat May 02 16:29:37 +0000 2015,#Sporting #Goods VTG #NBA REEBOK CHICAGO #Bulls YOUTH LARGE 14-16 #Basketball JERSEY #12 HINRICH… http://t.co/SlQqF7yc8I #Deals #Bargains
Sat May 02 16:29:36 +0000 2015,#Bulls #Collectible 1993 Upper Deck # 237 Michael Jordan Chicago Bulls John Stockton Patrick Ewing http://t.co/MmKcw7a10t #MichaelJordan
Sat May 02 16:29:36 +0000 2015,#NBA #Basketball CHICAGO #Bulls STARTER JECKET SZ XL SATIN 90S http://t.co/o0XHogzuLk #onsale #Discount
Sat May 02 16:28:57 +0000 2015,BigReporter: http://t.co/idsAyAULNN #Bulls #vanquish #Bucks #120-66 to #advance #news http://t.co/k3sOwOnG4X
Sat May 02 16:27:21 +0000 2015,#SuperRugby - #Bulls 0 vs #Lions - Late change for the Lions Akker vd Merwe injured and his place on the bench taken by Mark Pretorius
Sat May 02 16:26:23 +0000 2015,http://t.co/WwFdkVsSdk #Bulls over Broadways-Air Jordan 10 Retro 30th http://t.co/o8wV62FA0U
Sat May 02 16:25:36 +0000 2015,L #NBA #Basketball NBA Chicago #Bulls Cap Red Black Basketball Stripped bill Hat Men's Size OSFM #onsale #Discount http://t.co/tEjhJJy9Mi
Sat May 02 16:25:35 +0000 2015,#FatLoss #Fitness Botanical Slimming Is There It Help Out You From Fat http://t.co/Lyk7hXhUrZ #Bulls #FitBit
Sat May 02 16:25:09 +0000 2015,#GetFit #Fitspo Does Breastfeeding Help You Lose Weight? Yes It Can http://t.co/okwazmpkiE #DerrickRose #Bulls
Sat May 02 16:24:49 +0000 2015,Spot the grumpy #loftus #superrugby #superugby #rugby15 #bulls #lions https://t.co/gqPhfrsKuS
Sat May 02 16:24:35 +0000 2015,#bulls
Sat May 02 16:24:11 +0000 2015,#Bulls fans today is the last day to VOTE for Joakim Noah and Pau Gasol for the... #noah #gasol #joakim #pau http://t.co/XRjgw7mnop
Sat May 02 16:22:52 +0000 2015,RT @BeforeFamePics: Joakim Noah (#Bulls) on playing in Cleveland #FlashbackFriday https://t.co/pPC7r2I8Pf
Sat May 02 16:21:18 +0000 2015,#Sporting #Goods #DerrickRose #NBA #Jersey NIKE sz 4x CHICAGO #Bulls #5 SWINGMAN XXXXL http://t.co/Zfh5tmcsBj #Forsale #Onsale
Sat May 02 16:21:17 +0000 2015,#Basketball #Bulls #DerrickRose - McFarlane #NBA Series 24 - Chicago Bulls Figure - Red… http://t.co/oCTb4aZMxB #Buzz #Collectible
Sat May 02 16:21:17 +0000 2015,#DerrickRose #Bulls 2009-10 TOPPS CHROME DERRICK ROSE GOLD REFRACTOR /50 http://t.co/PjOxgIxcvR #NBA #Collectibles
Sat May 02 16:20:48 +0000 2015,RT @TheBullsShow: #Bulls went 3 years w/ their franchise player out for the playoffs. It'll probably be that long before I feel bad about d…
Sat May 02 16:20:06 +0000 2015,Northwest Notes :Donovan Blazers Thunder http://t.co/Q62yAP14gN #Bulls #NBA
Sat May 02 16:19:36 +0000 2015,L #Basketball #Bulls 2010-11 Classics #68 #DerrickRose #Buzz #Collectible http://t.co/2arhss0ho7
Sat May 02 16:19:34 +0000 2015,TIX http://t.co/WNmQiCuOIw Cleveland Cavaliers Playoff vs Chicago #Bulls Tickets CENTER COURT… http://t.co/D9qjfI79Zg #Tickets #Ticket
