Sat May 02 17:13:02 +0000 2015,#memphisgrizzlies #grizzlies #grizzfans ESPN Now http://t.co/xRN3BAsHuZ
Sat May 02 17:08:20 +0000 2015,#memphisgrizzlies #grizzlies #grizzfans Conley's return remains uncertain http://t.co/LZUb2KN7Ol
Sat May 02 16:58:34 +0000 2015,TIX http://t.co/tebk7rKDq8 Golden State Warriors 5/3 Warriors vs Memphis #Grizzlies Western… http://t.co/P7d2TNTL0Z #Ticket #BasketBall
Sat May 02 16:53:55 +0000 2015,RT @ChristianDudley: What would the #Grizzlies' gear look like if they were an #NFL team? Take a look: http://t.co/K2XS1Zuurb #NBA #NFLDraf…
Sat May 02 16:46:43 +0000 2015,#Grizzlies Tweets: ✈✈✈take off #NBA http://t.co/tTkRzWlPbY
Sat May 02 16:44:40 +0000 2015,#Grizzlies vs WarriorsSundaySave Big $$$  Compare B4 U Buy$128 ea  http://t.co/qXKnZLDwy3$166 ea StubHubQuit wasting money!!!
Sat May 02 16:44:08 +0000 2015,#NBA #Grizzlies- Memphis Grizzlies Believe Memphis 2013 Playoff towel yellow:  $15.00En... http://t.co/hL2Ac05Xf5 http://t.co/lQmogZfBKD
Sat May 02 16:42:15 +0000 2015,Teaming Up For Mentoring - http://t.co/c0xBPucbZz #Grizzlies
Sat May 02 16:32:56 +0000 2015,RT @ChristianDudley: What would the #Grizzlies' gear look like if they were an #NFL team? Take a look: http://t.co/K2XS1Zuurb #NBA #NFLDraf…
Sat May 02 16:28:02 +0000 2015,What would the #Grizzlies' gear look like if they were an #NFL team? Take a look: http://t.co/K2XS1Zuurb #NBA #NFLDraft @BealeStBearsFS
Sat May 02 16:24:57 +0000 2015,Kalahari Klassic Baseball tournament with Jimmy! #Grizzlies #SisterBrotherBonding #GrizzlyBaseball… https://t.co/zg2ULc7Y0D
Sat May 02 16:23:57 +0000 2015,http://t.co/EEkB0NdMH9: Mike Conley #throws... http://t.co/ik1KlMIdBF #atlanta #conley #davis #grizzlies #hawks #march #mike #timberwolves
Sat May 02 16:22:51 +0000 2015,Who will be the x-factor in the #Warriors #Grizzlies playoff series and why? Reply using #Dubson7
Sat May 02 16:09:44 +0000 2015,#Grizzlies #Memphis NBA Playoffs 2015: TV Schedule Live Stream Guide and Updated Standings: The ... http://t.co/ne6Ziqq2Ig #GrizzNation
Sat May 02 16:08:23 +0000 2015,#NBA #Grizzlies- Memphis Grizzlies Mike Conley #11 Adidas Swingman NBA Jersey Blue Larg... http://t.co/hszJIvJoep http://t.co/lQmogZfBKD
Sat May 02 16:08:23 +0000 2015,#NBA #Grizzlies- MEMPHIS GRIZZLIES NBA Adidas Authentic Collection Road Long Sleeve War... http://t.co/woqNwK9avx http://t.co/lQmogZxd9d
Sat May 02 16:07:13 +0000 2015,Hurting Clippers return from crazy Memphis split - http://t.co/pkpE8AVEdW #Grizzlies
Sat May 02 16:05:17 +0000 2015,Warriors Sweep Grizzlies: Round Two Preview - Feltbot's Warriors Blog http://t.co/hGpYZPQD4n #Warriors #Grizzlies
Sat May 02 16:04:06 +0000 2015,#Grizzlies Tweets: Join us Sun. @FedExForum for Rd. 2 Game1 #GSWvMEM Official BudLight Watch Party! 2:30pm/ct… #NBA http://t.co/tTkRzWlPbY
Sat May 02 15:59:58 +0000 2015,#Grizzlies I don't care what everyone says. I believe. http://t.co/sUhZO5o58o
Sat May 02 15:44:10 +0000 2015,Let's go #BelieveMemphis #Memphis #Grizzlies #GrizzNation  https://t.co/pHFC4mgrJI
Sat May 02 15:39:12 +0000 2015,RT @THETNKIDS: GAME DAY #Grizzlies. Who's in? @memgrizz http://t.co/8xzR2KSS0d
Sat May 02 15:35:49 +0000 2015,http://t.co/NvAB9WpvYy adidas Women's Memphis Grizzlies Trucker Cap FITS ALL MULTI  #Grizzlies http://t.co/SGVLLIweTE
Sat May 02 15:34:20 +0000 2015,RT @basketdreamteam: Warriors-Grizzlies les matchs-up de la série http://t.co/blqyksCe6y#nbaplayoffs #Grizzlies #Warriors http://t.co/16K…
Sat May 02 15:32:11 +0000 2015,Grizzlies Will Present Brand-New Playoff Challenge for Hungry Warriors Squad - http://t.co/ftboZzTDJD #Grizzlies
Sat May 02 15:31:53 +0000 2015,RT to #GrizzFans #GNG tshirts various styles &amp; colors. http://t.co/hnfyGjlSlm #Grizzlies #GrizzNation #playoffs http://t.co/JdrkPwD9TB
Sat May 02 15:31:40 +0000 2015,#Grizzlies Tweets: . @mrvincecarter15 boarding #AirGrizz &amp;amp; Heading to the left coast for Rd. 2 Vs the… #NBA http://t.co/tTkRzWlPbY
Sat May 02 15:30:22 +0000 2015,#BSMF15 #Grizzlies #BelieveMemphis http://t.co/ZbCySeuO8h
Sat May 02 15:30:04 +0000 2015,RT @basketdreamteam: Warriors-Grizzlies les matchs-up de la série http://t.co/blqyksCe6y#nbaplayoffs #Grizzlies #Warriors http://t.co/16K…
Sat May 02 15:29:47 +0000 2015,RT @basketdreamteam: Warriors-Grizzlies les matchs-up de la série http://t.co/blqyksCe6y#nbaplayoffs #Grizzlies #Warriors http://t.co/16K…
Sat May 02 15:29:19 +0000 2015,Warriors-Grizzlies les matchs-up de la série http://t.co/blqyksCe6y#nbaplayoffs #Grizzlies #Warriors http://t.co/16KRZ8qmXH
Sat May 02 15:24:28 +0000 2015,RT to #GrizzFans http://t.co/Nmq7P82wbA #GNG #GrizzNation #Grizzlies #Memphis #playoffs
Sat May 02 15:19:58 +0000 2015,RT to #GrizzFans http://t.co/Snro2Ig6DL #GNG #GrizzNation #playoffs #Grizzlies #Memphis
Sat May 02 15:11:33 +0000 2015,I'm taking #pacquiao in the 7th round tonight and #Dubs in the 4th on Sunday. #GSWarriors #FightOfTheCentury #Dubs #Memphis #Grizzlies
Sat May 02 15:06:07 +0000 2015,RT @memgrizz: . @MConley11 purchases 500 tix to be given away to #Grizzlies fans for Game 5. Info&gt; http://t.co/VWJpin83Mh http://t.co/BP8Xl…
Sat May 02 15:05:52 +0000 2015,#Grizzlies #Memphis NBA Playoff Odds: Warriors a -975 favorite to win series vs. Grizzlies: LAS V... http://t.co/qAvcvDWbNU #GrizzNation
Sat May 02 15:04:12 +0000 2015,#NBA #Grizzlies- Memphis Grizzlies Navy XL Mitchell &amp; Ness Hustle Play Henley Shirt:  $... http://t.co/Raz86QDNQs http://t.co/lQmogZfBKD
Sat May 02 15:04:12 +0000 2015,#NBA #Grizzlies - Memphis Grizzlies Navy XL Mitchell &amp; Ness Hustle Play Henley Shirt:  ... http://t.co/oZCZkQztob http://t.co/k33Sm3HFUt
Sat May 02 15:00:37 +0000 2015,I like #Warriors in 5 over #Grizzlies. Dominant team of destiny at this point unless ZBO physically dominates Draymond. Plus no Conley?
Sat May 02 14:50:10 +0000 2015,Northwest Notes :Donovan Blazers Thunder http://t.co/Pq3Cg1e0n6 #Grizzlies #NBA
Sat May 02 14:46:35 +0000 2015,Are the #Warriors heavy favorites against the #Grizzlies in the NBA Playoffs? Get the odds here http://t.co/wJTUrTlBCH
Sat May 02 14:37:25 +0000 2015,Horford returns as Hawks beat winless Heat - http://t.co/KrgeBFogbi #Grizzlies
Sat May 02 14:34:15 +0000 2015,#Grizzlies Tweets: The @Toyota Parking Garage @FedExForum is open for @memphisinmay from 1pm - Midnight! Park… #NBA http://t.co/tTkRzWlPbY
Sat May 02 14:32:58 +0000 2015,Mike #Conley: ritorno per gara 1? http://t.co/1hZhFQ7QWn #memphisgrizzlies #nba #nbateams #news #grizzlies #memphis
Sat May 02 14:25:08 +0000 2015,One day away from game 1! Time for the Warriors to take the next step towards a title! #Warriors #Grizzlies… http://t.co/HObIB5CXIg
Sat May 02 14:22:06 +0000 2015,#belivememphis #grizznation #grizzlies #memphisgrizzlies @ FedEx Forum Grizzlies Game https://t.co/oMMv8bi15E
Sat May 02 14:15:11 +0000 2015,#Memphis #Grizzlies' Gear as an #NFL Team? http://t.co/K2XS1ZM5iJ #GrizzNation #NBA #NFLDraft
Sat May 02 14:11:11 +0000 2015,#memphisgrizzlies #memphis #grizzlies NBA Saturday: What a Difference a Year Makes http://t.co/UZrFzbHFMe
Sat May 02 14:04:21 +0000 2015,RT @nbatrky: #NBAPlayoffs | Yüzünden ameliyat olan #Grizzlies'lı Mike Conley #Warriors serisinin ilk 2 maçında oynayamayacak. http://t.co/…
Sat May 02 14:03:20 +0000 2015,RT @nbatrky: #NBAPlayoffs | Yüzünden ameliyat olan #Grizzlies'lı Mike Conley #Warriors serisinin ilk 2 maçında oynayamayacak. http://t.co/…
Sat May 02 14:03:14 +0000 2015,RT @nbatrky: #NBAPlayoffs | Yüzünden ameliyat olan #Grizzlies'lı Mike Conley #Warriors serisinin ilk 2 maçında oynayamayacak. http://t.co/…
Sat May 02 14:02:25 +0000 2015,RT @STalkWarriors: One day away from game 1! Time for the Warriors to take the next step towards a title! #Warriors #Grizzlies http://t.co/…
Sat May 02 14:02:23 +0000 2015,Postgame press conferences Game 5 :MEMvPOR - http://t.co/cHPf8jbhHN #Grizzlies
Sat May 02 14:01:09 +0000 2015,#NBAPlayoffs | Yüzünden ameliyat olan #Grizzlies'lı Mike Conley #Warriors serisinin ilk 2 maçında oynayamayacak. http://t.co/kCCeZAl9hx
Sat May 02 13:59:05 +0000 2015,RT @NBAPassion_com: #Grizzlies #Conley potrebbe saltare gara 1 contro i #Warriors. (Gary Parrish) #NBAPlayoffs #NBAPassion
Sat May 02 13:57:19 +0000 2015,RT @STalkWarriors: One day away from game 1! Time for the Warriors to take the next step towards a title! #Warriors #Grizzlies http://t.co/…
Sat May 02 13:57:03 +0000 2015,Marc Gaso ( @MarcGasol ): "Me siento muy bien por estar en semifinales por la vía rápida" #Grizzlies http://t.co/pFlTuje2we
Sat May 02 13:53:53 +0000 2015,Marc Gasol estelar llevó a los #Grizzlies a superar a los #TrailBlazers y pasar a las semifinales. #NBAPlayoffs http://t.co/Bye9EJwFT3
Sat May 02 13:51:13 +0000 2015,#Grizzlies #Conley potrebbe saltare gara 1 contro i #Warriors. (Gary Parrish) #NBAPlayoffs #NBAPassion
Sat May 02 13:49:32 +0000 2015,One day away from game 1! Time for the Warriors to take the next step towards a title! #Warriors #Grizzlies http://t.co/g5b0JN08NA
Sat May 02 13:45:30 +0000 2015,#memphisgrizzlies #memphis #grizzlies New Memphis Grizzlies Rumors. Saturday May 2 2015 http://t.co/lxWQZAwvqn
Sat May 02 13:41:28 +0000 2015,NBA Playoffs Second Round Preview - #Dubs-#Grizzlies &amp; #Hawks-#Wizards. I buy into the WASH hype &amp; GS should cruise. http://t.co/qzX5zEoloM
Sat May 02 13:40:41 +0000 2015,#Grizzlies Memphis Grizzlies prepare for Round 2 The Grizzlies continued preparations for Game 1 of the Western Conference Semifin #NBA
Sat May 02 13:35:42 +0000 2015,Report: #Mike #Conley #to #travel #with #Grizzlies #not #expected #to #play #in #Game… http://t.co/gndd7KD50n |P2 http://t.co/oinQfxRFg7
Sat May 02 13:10:30 +0000 2015,RT @sethevans: Looks like @_AdamCapps_ and I are headed to see the #Grizzlies Game 4 in Memphis! #Amped
Sat May 02 13:07:54 +0000 2015,http://t.co/EEkB0NdMH9: Memphis Grizzlies vs.... http://t.co/GJO8029RUX #bucks #court #espn #espnu #grizzlies #memphis #milwaukee #sports
Sat May 02 13:04:38 +0000 2015,RT @LukaBassin: Xs&amp;Os: Life of a play: How #Grizzlies drew it up or Evolution of one of the favourite set plays http://t.co/mcBzfWp5pc #NBA…
Sat May 02 13:04:13 +0000 2015,#Grizzlies Tweets: Want #Grizz Playoff Rd. 2 tix!? Show us your #FTbankshot! &amp;gt; RT… http://t.co/WLw4fYXNuZ #NBA http://t.co/tTkRzWlPbY
Sat May 02 12:37:05 +0000 2015,#memphisgrizzlies #memphis #grizzlies Grizzlies' Conley Not Expected to Play Game 1? http://t.co/RxevYPqSID
Sat May 02 12:34:35 +0000 2015,#Grizzlies announce Western Conference Semifinal Matchup and Schedule. Details &gt; http://t.co/UiYJnVoETM… http://t.co/gWLN7SfDRh
Sat May 02 12:33:13 +0000 2015,#Grizzlies Tweets: Catch every #GrowlTowel waving moment as we take on the #Warriors… http://t.co/ioGc2qe7gc #NBA http://t.co/tTkRzWlPbY
Sat May 02 12:11:16 +0000 2015,RT @memgrizz: #Grizzlies announce Western Conference Semifinal Matchup and Schedule. Details &gt; http://t.co/YHNVq18OdR http://t.co/ctcISTr31c
Sat May 02 12:10:06 +0000 2015,#Grizzlies Playoffs: Scouting Grizzlies-Warriors #NBA http://t.co/0WJKqLY6et
Sat May 02 11:42:14 +0000 2015,Roster Report - http://t.co/WDxnmk8DQ5 #Grizzlies
Sat May 02 11:30:27 +0000 2015,http://t.co/EEkB0NdMH9: Zach Randolph's... http://t.co/G5F5GBgZ2E #double-double #golden #grizzlies #november #randolph #warriors #zach
Sat May 02 11:24:48 +0000 2015,Golden State #Warriors - Memphis #Grizzlies Serisi İncelemesi | http://t.co/klPhDflAkh http://t.co/E2X6L4SuUn
Sat May 02 11:12:11 +0000 2015,Søndag aften sender vi kampen mellem #Warriors og #Grizzlies - live på @tv2play og forskudt på… https://t.co/hSeM1vO4Y7
Sat May 02 11:04:46 +0000 2015,http://t.co/EEkB0NdMH9: NBA HD - Chicago Bulls vs Memphis... http://t.co/TSI3SmCKQK #bulls #chicago #december #grizzlies #memphis
Sat May 02 10:47:35 +0000 2015,#NBA #Grizzlies- Memphis Grizzlies Vintage 2001 - 2004 Seasons 8" Large Jacket Patch Ba... http://t.co/mAFhwbzfRs http://t.co/lQmogZfBKD
Sat May 02 10:40:17 +0000 2015,GBB Roundtable :Thoughts on Memphis Grizzlies vs. Golden State Warriors http://t.co/NmsEA7HFh6 #Grizzlies #NBA
Sat May 02 10:20:16 +0000 2015,How Jeff Green is not maximizing the utility of his pump fake http://t.co/elrUjKx3G7 #Grizzlies #NBA
Sat May 02 10:19:00 +0000 2015,RT @OwnersBoxNBA: #NBA #GrizzliesPG Mike Conley (face) will not play in Wednesday's Game 5 against the Trail Blazers.
Sat May 02 10:18:32 +0000 2015,RT @OwnersBoxNBA: #NBA #StartingFive #Grizzlies[G] Calathes[G] Lee[F] Allen[F] Randolph[C] Gasolvs Blazers on Wednesday
Sat May 02 10:00:16 +0000 2015,Memphis Grizzlies Top 5 Stories of the Week http://t.co/EUFRygxhwI #Grizzlies #NBA
Sat May 02 09:57:33 +0000 2015,Training for a Better Tomorrow - http://t.co/PwM9zJpOZw #Grizzlies
Sat May 02 09:23:06 +0000 2015,#Grizzlies Marc Gasol juega a nivel de gran estrella en la primera ronda de playoffs http://t.co/CNBpvOM2xv #nba
Sat May 02 09:22:31 +0000 2015,Mike Penberthy is the Timberwolves' new shot whisperer - http://t.co/06XeJXO3uG #Grizzlies
Sat May 02 09:21:24 +0000 2015,Kobe Bryant sets record for missed shots as #Lakers fall to #Grizzlies 107-102 #MemphisGrizzlies #TheLakers http://t.co/t69RrZfOqJ
Sat May 02 09:20:14 +0000 2015,Northwest Notes :Donovan Blazers Thunder http://t.co/Pq3Cg1vBLG #Grizzlies #NBA
Sat May 02 09:16:04 +0000 2015,What-EVER business you are in marketing is your bread and butter... Get branded correctly and Good ROI like the #grizzlies @gem_ltd #twimbos
Sat May 02 09:06:56 +0000 2015,#Grizzlies PG Mike Conley will travel to Oakland for Game 1 but isn't expected to play... http://t.co/ubULi1hirb #NBAPlayoffs
Sat May 02 09:00:12 +0000 2015,2014/15 D-League Usage Report :Pacers http://t.co/3rWMPa5KEB #Grizzlies #NBA
Sat May 02 09:00:05 +0000 2015,Este: #Cavs vs #Bulls y #Hawks vs #WizardsOeste:#Warriors vs #Grizzlies y #Rockets vs ...#Spurs o #Clippers ???
Sat May 02 08:50:04 +0000 2015,Who will be the x-factor in the #Warriors #Grizzlies playoff series and why? We want to know what you think! Reply… http://t.co/xhJ02NL5Yx
Sat May 02 08:43:14 +0000 2015,#Grizzlies #Memphis BDL's 2014-15 NBA Playoff Previews: Golden State Warriors vs. Memphis Grizzli... http://t.co/AwF4pHl8R0 #GrizzNation
Sat May 02 08:40:36 +0000 2015,#NBA #Grizzlies- Memphis Grizzlies Crown Royal bag:  $20.00End Date: Friday May-8-2015 ... http://t.co/ISddLe1FYr http://t.co/lQmogZfBKD
Sat May 02 08:40:36 +0000 2015,#NBA #Grizzlies - Memphis Grizzlies Crown Royal bag:  $20.00End Date: Friday May-8-2015... http://t.co/eVVtwj8EZr http://t.co/k33Sm3q52V
Sat May 02 08:40:03 +0000 2015,And-Ones :Huertas NBA Draft Towns http://t.co/6sTZfqpt29 #Grizzlies #NBA
Sat May 02 08:15:06 +0000 2015,http://t.co/EEkB0NdMH9: Mike Miller Gets... http://t.co/qCuax1GVje #brooklyn #elbowed #gets #grizzlies #hard #march #mike #miller #nets
Sat May 02 08:09:14 +0000 2015,http://t.co/NvAB9WpvYy BDL's 2014-15 NBA Playoff Previews: Golden State Warriors vs #Grizzlies http://t.co/egnVURX5Et