Sat May 02 17:06:05 +0000 2015,"#Autographs #onsale Framed Udonis Haslem #MiamiHeat Autographed 8"" x 10"" Shooting #Photograph http://t.co/WgTdgdwZh5 #Autograph #Forsale"
Sat May 02 17:06:05 +0000 2015,#DwyaneWade #NBA DWYANE WADE 2010-11 Absolute Memorabilia Hoopla Jersey Numbers #ed 13/25 Heat http://t.co/KtFvCdp4bf #MiamiHeat #HEATwin
Sat May 02 17:06:05 +0000 2015,#Sporting #Goods NBA SWG7900J-MIA #MiamiHeat Performance Mouth Guard Youth Size (2 Pack) http://t.co/dsK0E9hnsL #Mall #TopSeller
Sat May 02 17:05:37 +0000 2015,#Cards #Card #10 #LeBron James Rookie Gem Mint 10 ($100.00) 2003 Upper Deck #MiamiHeat Cavs SP http://t.co/NzzWOOO2T7 #Bargain #Deal
Sat May 02 17:02:05 +0000 2015,#Apparel #Souvenirs NWT Zipway #NBA #Basketball Men's #MiamiHeat #Basketball Shorts Black/Maroon XL http://t.co/XMZUd9FV9z #eBay #Auction
Sat May 02 17:02:05 +0000 2015,#Sport #Clothing Men's 2013 Nike #LeBron 11 #MiamiHeat Away (Red) Size 10 Basketball Shoes http://t.co/L8y3aIBuX6 #onsale #Discount
Sat May 02 16:58:45 +0000 2015,#NBA #MiamiHeat - NWT Zipway NBA Basketball Men's Miami Heat Basketball Shorts Black/Ma... http://t.co/sKDz51a6SM http://t.co/lQmogZfBKD
Sat May 02 16:56:08 +0000 2015,#MiamiHeat eliminated from playoff contention #NBA http://t.co/lE8kpzxbot
Sat May 02 16:56:03 +0000 2015,#MiamiHeat eliminated from playoff contention #NBA http://t.co/VtGWjmmgPM
Sat May 02 16:55:17 +0000 2015,L #DwyaneWade #Deals 2004-05 Fleer Ultra Dwyane Wade Gold Medallion!!! #66 Heat!! #NBA #MiamiHeat http://t.co/m2WIoCuuKE
Sat May 02 16:49:38 +0000 2015,#DwyaneWade #Deals 2014-15 Donruss #16 Dwyane Wade - Miami Heat http://t.co/L7PnFfFYxh #NBA #MiamiHeat
Sat May 02 16:49:38 +0000 2015,#DwyaneWade #NBA 2014-15 Donruss #16 Dwyane Wade - Miami Heat http://t.co/DcpuN6qmRp #MiamiHeat #HEATwin
Sat May 02 16:49:34 +0000 2015,#Autographs #onsale EDDIE JONES AUTOGRAPHED SIGNED 8 X 10 COLOR #Photo #MiamiHeat LOS ANGELES… http://t.co/tiuEbqzf62 #Autograph #Forsale
Sat May 02 16:49:08 +0000 2015,#Cards #Card DWYANE WADE 2003 #Topps PRISTINE 113 ROOKIE CARD RC #MiamiHeat NBA http://t.co/g3RKTDf7Zn #Bargain #Deal
Sat May 02 16:48:22 +0000 2015,http://t.co/SwYsVWlsRs Ira Winderman: Time to legislate away NBA hack attack  #MiamiHeat  http://t.co/xal5hRS93p
Sat May 02 16:47:41 +0000 2015,L #Apparel #Souvenirs #LeBron JAMES #MiamiHeat #Adidas #NBA #Basketball #Jersey Red King New Size 2XL… #eBay… http://t.co/b2zLC1cHVZ
Sat May 02 16:43:47 +0000 2015,@MiamiHeatX2 Leading the way in #miamiheat! Tired of unwanted subscription emails? Try Unroll.Me: http://t.co/b5L804JFEE
Sat May 02 16:41:35 +0000 2015,L L #Autographs #onsale #MiamiHeat Authentic #Jersey Mens Small #Autograph #Forsale http://t.co/CVb0KvsaUR
Sat May 02 16:39:45 +0000 2015,Heat lament Rose's injury - http://t.co/A37D8aynYI #MiamiHEAT
Sat May 02 16:34:12 +0000 2015,"#Autographs #onsale Dwyane Wade #MiamiHeat Autographed 16"" x 20"" Dunk Black Uniform #Photograph http://t.co/VniKXDwQwX #Autograph #Forsale"
Sat May 02 16:34:11 +0000 2015,#Cards #Card 2012-13 Panini Stickers #251 #MiamiHeat NBA Champs/Dwyane Wade/#LeBron James http://t.co/86nSrb2suQ #Bargain #Deal
Sat May 02 16:34:08 +0000 2015,#DwyaneWade #Deals DWYANE WADE 2010-11 Absolute Memorabilia Hoopla Jersey Numbers #ed 13/25 Heat http://t.co/1ndDTfplOi #NBA #MiamiHeat
Sat May 02 16:34:08 +0000 2015,#DwyaneWade #NBA Dwyane Wade 2012-13 Timeless Treasures All-Star Patch Card #9 38/49 http://t.co/vMNVt19169 #MiamiHeat #HEATwin
Sat May 02 16:34:07 +0000 2015,L B #DwyaneWade #NBA DWYANE WADE 2003-04 UPPER DECK ROOKIE RC EXCLUSIVES VARIATION HEAT SP CARD #MiamiHeat… http://t.co/SnhT2hVURa
Sat May 02 16:33:49 +0000 2015,http://t.co/3K1XyjOa7r BABY HAT in YOUR CHOICE of PRO BASKETBALL TEAM Newborn Beanie In #MiamiHeat  http://t.co/mhvUhqU9Cz
Sat May 02 16:31:04 +0000 2015,L #Autographs #onsale RAY ALLEN 1996 SKYBOX AUTOGRAPHICS AUTO SIGNED 96 #MiamiHeat BUCKS SONICS… #Autograph #Forsale http://t.co/tF9Q1skKvI
Sat May 02 16:27:33 +0000 2015,http://t.co/TdJQjsB3gj [Sun-Sentinel] - Ira Winderman: Time to legislate away NBA hack a #MiamiHeat  http://t.co/GjA6CF1WpL
Sat May 02 16:25:41 +0000 2015,L #Apparel #Souvenirs #MiamiHeat Sleepwear Pajama Sleep Pants #NBA #Basketball New NWT Logo Size XL #eBay #Auction http://t.co/4Cg2xxKXfL
Sat May 02 16:25:11 +0000 2015,RT @Med_Weight_Loss: Playoff East Miami vs Charlotte#NBAPlayoffs #NBA #MiamiHeat #Bobcats http://t.co/KvMnt3YfTy
Sat May 02 16:17:14 +0000 2015,L C #DwyaneWade #NBA DWYANE WADE 2010-11 Panini Prestige Star Stats Patch Prime #ed 1/25 Miami Heat #MiamiHeat… http://t.co/yAgBEn07Hh
Sat May 02 16:17:14 +0000 2015,#DwyaneWade #Deals DWYANE WADE 2010-11 Panini Limited Decade Dominance GOLD #ed 18/24 Miami Heat http://t.co/Cc6fSai4sl #NBA #MiamiHeat
Sat May 02 16:17:13 +0000 2015,#DwyaneWade #NBA DWYANE WADE 2009-10 National Treasures Timeline Jerseys Names #ed 80/99 Heat http://t.co/XhwK2wMBzT #MiamiHeat #HEATwin
Sat May 02 16:17:07 +0000 2015,#Autographs #onsale DWYANE WADE SIGNED AUTO #MiamiHeat RED #Jersey AUTOGRAPHED http://t.co/LNpl3mRmwc #Autograph #Forsale
Sat May 02 16:17:06 +0000 2015,#Cards #Card Carol Butler 2002-03 #Topps Pristine 1188/1499 #79 #MiamiHeat $8 http://t.co/7LZOU07axN #Bargain #Deal
Sat May 02 16:14:08 +0000 2015,#Apparel #Souvenirs #MiamiHeat #1 Fan License Plate http://t.co/CM74x9sCAZ #eBay #Auction
Sat May 02 16:12:26 +0000 2015,#MiamiHeat eliminated from playoff contention #NBA http://t.co/iLqRUttCqa
Sat May 02 16:12:08 +0000 2015,L L D #DwyaneWade #NBA Dwyane Wade 2013-14 Panini Flawless Franchise Greats On Card Auto /15 Heat Rare #MiamiHeat… http://t.co/Skm1F1GNId
Sat May 02 16:10:07 +0000 2015,L #Autographs #onsale DWYANE WADE PSA/DNA SIGNED #MiamiHeat #Jersey #Adidas SWINGMAN MINT… #Autograph #Forsale http://t.co/d8JwBfuIHV
Sat May 02 16:01:40 +0000 2015,#DwyaneWade #Deals 2004-05 Fleer Ultra Dwyane Wade Gold Medallion!!! #66 Heat!! http://t.co/p16bwUxQra #NBA #MiamiHeat
Sat May 02 16:01:40 +0000 2015,#DwyaneWade #NBA DWYANE WADE 2010-11 Panini Limited Decade Dominance GOLD #ed 18/24 Miami Heat http://t.co/ys8r2Yuhko #MiamiHeat #HEATwin
Sat May 02 16:01:06 +0000 2015,#Autographs #onsale Dwyane Wade &amp; #LeBron James #MiamiHeat Autographed Pro Leather #Basketball http://t.co/DAh2P14dw9 #Autograph #Forsale
Sat May 02 16:01:05 +0000 2015,#Cards #Card 2003-04 Upperdeck Victory DWAYNE WADE RC #MiamiHeat http://t.co/FXfgr2Bk6a #Bargain #Deal
Sat May 02 16:00:17 +0000 2015,Mickey Arison named richest person in Florida http://t.co/tMnZjCpCvb #MiamiHeat #CarnivalCruise #CarnivalTriumph #CostaConcordia
Sat May 02 15:58:36 +0000 2015,#Apparel #Souvenirs #LeBron JAMES #MiamiHeat #Adidas #NBA #Basketball #Jersey Red King New Size 2XL… http://t.co/DrN7KaWqre #eBay #Auction
Sat May 02 15:53:56 +0000 2015,#NBA #MiamiHeat - Miami Heat #1 Fan License Plate:  $11.99End Date: Tuesday May-5-2015 ... http://t.co/9v78ZplIks http://t.co/k33Sm3HFUt
Sat May 02 15:53:56 +0000 2015,#NBA #MiamiHeat - Miami Heat #1 Fan License Plate:  $11.99End Date: Tuesday May-5-2015 ... http://t.co/t5GlM04jjh http://t.co/lQmogZfBKD
Sat May 02 15:53:56 +0000 2015,#NBA #MiamiHeat - LEBRON JAMES Miami Heat Adidas NBA White Hot Swingman Basketball Jers... http://t.co/2hEvO6ZZgV http://t.co/k33Sm3HFUt
Sat May 02 15:53:55 +0000 2015,#NBA #MiamiHeat - LEBRON JAMES Miami Heat Adidas NBA Basketball Jersey Red King New Siz... http://t.co/JtjaNFmJ4t http://t.co/k33Sm3HFUt
Sat May 02 15:53:08 +0000 2015,L #Autographs #onsale #MiamiHeat Authentic #Jersey Mens Small #Autograph #Forsale http://t.co/aaOfc2lVjW
Sat May 02 15:47:38 +0000 2015,L #Apparel #Souvenirs New #Adidas #LeBron James #MiamiHeat swingman #Jersey Large L Cleveland #eBay #Auction http://t.co/8Sxmp5yvB6
Sat May 02 15:46:37 +0000 2015,L #DwyaneWade #Deals DWYANE WADE 2009-10 Panini National Treasures NBA Gear Jersey Triple 24/99 Heat #NBA #MiamiHeat http://t.co/aiZ6H3Q9xK
Sat May 02 15:45:09 +0000 2015,#Autographs #onsale RAY ALLEN 1996 SKYBOX AUTOGRAPHICS AUTO SIGNED 96 #MiamiHeat BUCKS SONICS… http://t.co/slsGrztdpt #Autograph #Forsale
Sat May 02 15:45:08 +0000 2015,#DwyaneWade #Deals DWYANE WADE 2011-12 Panini Limited Spotlight GOLD #ed 4/25 Miami Heat http://t.co/zcDwrGa36Q #NBA #MiamiHeat
Sat May 02 15:45:08 +0000 2015,#DwyaneWade #NBA 2004-05 Fleer Ultra Dwyane Wade Gold Medallion!!! #66 Heat!! http://t.co/ydBNMRz3pJ #MiamiHeat #HEATwin
Sat May 02 15:44:36 +0000 2015,#Cards #Card UDONIS HASLEM 13-14 Panini Intrigue Jersey Auto #ed 135/149 #MiamiHeat http://t.co/UVoSAZfAuj #Bargain #Deal
Sat May 02 15:43:06 +0000 2015,#Apparel #Souvenirs #MiamiHeat Sleepwear Pajama Sleep Pants #NBA #Basketball New NWT Logo Size XL http://t.co/keb9bF5gP5 #eBay #Auction
Sat May 02 15:40:39 +0000 2015,L L L #DwyaneWade #NBA DWYANE WADE 2003-04 UPPER DECK ROOKIE RC EXCLUSIVES VARIATION HEAT SP CARD #MiamiHeat… http://t.co/1qHNV92Adv
Sat May 02 15:35:55 +0000 2015,http://t.co/3K1XyjOa7r Miami Heat Steakout Squad #2 Stakeout Squad No 2 1995 by Hodgman #MiamiHeat  http://t.co/NGJhLf5DaA
Sat May 02 15:35:36 +0000 2015,Pat Riley e direção do @MiamiHEAT vão à Europa analisar jovens promessas http://t.co/wc7sWutiY3#HeatNation #HeatLifer #MiamiHeat #GoHeat
Sat May 02 15:34:06 +0000 2015,L #DwyaneWade #Deals DWYANE WADE 2010-11 Panini Timeless Treasures Patch Prime #ed 7/10 Miami Heat #NBA #MiamiHeat http://t.co/f8NjBJ76am
Sat May 02 15:31:35 +0000 2015,L #Cards #Card 2014-15 Panini select Chris Andersen BLUE refractor jersey #90/99! #MiamiHeat!! #Bargain #Deal http://t.co/gHCEFzolQM
Sat May 02 15:29:40 +0000 2015,Roster Report - http://t.co/kpb1E59Vjv #MiamiHEAT
Sat May 02 15:29:06 +0000 2015,#DwyaneWade #Deals DWYANE WADE 2009-10 National Treasures Timeline Jerseys Names #ed 80/99 Heat http://t.co/8iELNAmKSV #NBA #MiamiHeat
Sat May 02 15:29:06 +0000 2015,#Autographs #onsale DWYANE WADE PSA/DNA SIGNED #MiamiHeat #Jersey #Adidas SWINGMAN MINT… http://t.co/sHd3con7Vl #Autograph #Forsale
Sat May 02 15:29:06 +0000 2015,#DwyaneWade #NBA DWYANE WADE 2009-10 Panini National Treasures NBA Gear Jersey Triple 24/99 Heat http://t.co/QFR5DJe6bF #MiamiHeat #HEATwin
Sat May 02 15:28:22 +0000 2015,#Cards #Card #LeBron JAMES 2012-13 Panini Brilliance #116 #MiamiHeat Cleveland Cavaliers http://t.co/kUSOHK2ZWL #Bargain #Deal
Sat May 02 15:26:46 +0000 2015,L #Sporting #Goods #MiamiHeat DWYANE WADE #3 ADIDAS BRAND JERSEY STYLE T-SHIRT-ADULT XL MARQUETTE #Mall #TopSeller http://t.co/ROMMZqXNwC
Sat May 02 15:26:45 +0000 2015,#Apparel #Souvenirs #LeBron JAMES #MiamiHeat #Adidas #NBA White Hot Swingman #Basketball #Jersey… http://t.co/2ZKor09up7 #eBay #Auction
Sat May 02 15:24:31 +0000 2015,#NBA #MiamiHeat - LEBRON JAMES Miami Heat Adidas NBA White Hot Swingman Basketball Jers... http://t.co/zQSJ8x7qnA http://t.co/lQmogZfBKD
Sat May 02 15:24:31 +0000 2015,#NBA #MiamiHeat - MIAMI HEAT Sleepwear Pajama Sleep Pants NBA Basketball New NWT Logo S... http://t.co/47zYPhO75g http://t.co/lQmogZfBKD
Sat May 02 15:23:05 +0000 2015,L L B #DwyaneWade #NBA DWYANE WADE 2010-11 Panini Prestige Star Stats Patch Prime #ed 1/25 Miami Heat #MiamiHeat… http://t.co/07udg5gWeg
Sat May 02 15:20:07 +0000 2015,L #Cards #Card 2014-15 Prizm Legend Refractor SP Glen Rice #MiamiHeat #239 #Bargain #Deal http://t.co/BVCO6qa0fU
Sat May 02 15:17:38 +0000 2015,L D #DwyaneWade #NBA Dwyane Wade 2013-14 Panini Flawless Franchise Greats On Card Auto /15 Heat Rare #MiamiHeat… http://t.co/zFUAhe7EHr
Sat May 02 15:13:09 +0000 2015,#Autographs #onsale #MiamiHeat Authentic #Jersey Mens Small http://t.co/b178eVX5SN #Autograph #Forsale
Sat May 02 15:13:05 +0000 2015,#DwyaneWade #Deals 2010-11 Classics #94 Dwyane Wade http://t.co/qyxikx8vAw #NBA #MiamiHeat
Sat May 02 15:13:05 +0000 2015,#DwyaneWade #NBA 2010-11 Classics #94 Dwyane Wade http://t.co/4Goo3g40oC #MiamiHeat #HEATwin
Sat May 02 15:12:08 +0000 2015,L L #DwyaneWade #NBA 2014-15 Court Kings Dwyane Wade Heat Artistic Endeavors Game-Worn Jersey… #MiamiHeat #HEATwin http://t.co/94Hht0uqCc
Sat May 02 15:12:07 +0000 2015,#Cards #Card DWYANE WADE 2003/2004 UPPER DECK SE DIE CUT ALL STAR ROOKIE $40.00 #MiamiHeat http://t.co/L9tGsglfNf #Bargain #Deal
Sat May 02 15:11:10 +0000 2015,L L L #Apparel #Souvenirs Authentic Revolution 30 #MiamiHeat Chris Bosh #Jersey 2xl #Adidas #NBA Mesh #eBay #Auction http://t.co/thdJeoJ1LV
Sat May 02 15:10:08 +0000 2015,#Apparel #Souvenirs New #Adidas #LeBron James #MiamiHeat swingman #Jersey Large L Cleveland http://t.co/XP6ceAs9gO #eBay #Auction
Sat May 02 15:06:02 +0000 2015,#MiamiHeat eliminated from playoff contention #NBA http://t.co/V5ysi8otj3
Sat May 02 15:05:06 +0000 2015,L #Cards #Card DWYANE WADE 2010-11 Panini Prestige Star Stats Patch Prime #ed 1/25 #MiamiHeat #Bargain #Deal http://t.co/e4634JIZGJ
Sat May 02 15:01:18 +0000 2015,L L C #DwyaneWade #NBA 2003 Bowman Draft RC #149 Dwyane Wade RC Auto #MiamiHeat #HEATwin http://t.co/5uERDQrBo7
Sat May 02 15:00:08 +0000 2015,L C #Autographs #onsale Alonzo Mourning #MiamiHeat signed #Photograph #Autograph #Forsale http://t.co/R4Y4Tdd2NT
Sat May 02 14:58:06 +0000 2015,#Sporting #Goods #MiamiHeat LeBRON JAMES #6 ADIDAS BRAND JERSEY STYLE T-SHIRT-LG CLEVELAND CAVS http://t.co/NNGswmW6eD #Mall #TopSeller
Sat May 02 14:58:06 +0000 2015,#Autographs #onsale 2013 #MiamiHeat CHAMPIONS NAMEPLATE AUTOGRAPHED Signed… http://t.co/vDUcPBIeqG #Autograph #Forsale
Sat May 02 14:58:04 +0000 2015,#DwyaneWade #Deals DWYANE WADE 2009-10 Panini National Treasures NBA Gear Jersey Triple 24/99 Heat http://t.co/YY5F5zp7ok #NBA #MiamiHeat
Sat May 02 14:58:04 +0000 2015,#DwyaneWade #NBA DWYANE WADE 2011-12 Panini Limited Spotlight GOLD #ed 4/25 Miami Heat http://t.co/NxxUsr6ono #MiamiHeat #HEATwin
Sat May 02 14:56:04 +0000 2015,#Cards #Card 2014-15 Panini select Chris Andersen BLUE refractor jersey #90/99! #MiamiHeat!! http://t.co/rCEdB0MWQ1 #Bargain #Deal
Sat May 02 14:55:17 +0000 2015,L L #Cards #Card 2014-15 Donruss #165 Mario Chalmers - #MiamiHeat #Bargain #Deal http://t.co/W1sxYlHIjG
Sat May 02 14:50:36 +0000 2015,L L #DwyaneWade #NBA DWYANE WADE 2003-04 UPPER DECK ROOKIE RC EXCLUSIVES VARIATION HEAT SP CARD #MiamiHeat #HEATwin http://t.co/bCFrSTZgZr
Sat May 02 14:49:47 +0000 2015,#NBA #MiamiHeat - New Zipway NBA Mens Miami Heat Basketball Shorts Athletic Large 34-36... http://t.co/JtW5tWdTWW http://t.co/lQmogZfBKD
Sat May 02 14:49:47 +0000 2015,#NBA #MiamiHeat - New Zipway NBA Mens Miami Heat Basketball Shorts Athletic Large 34-36... http://t.co/PORQPCYjRA http://t.co/k33Sm3HFUt
Sat May 02 14:49:47 +0000 2015,#NBA #MiamiHeat - Lebron James Miami Heat T-Shirt Youth Size 5/6:  $6.00End Date: Monda... http://t.co/66aURUIn1Y http://t.co/k33Sm3HFUt
Sat May 02 14:41:36 +0000 2015,#Sporting #Goods #MiamiHeat DWYANE WADE #3 ADIDAS BRAND JERSEY STYLE T-SHIRT-ADULT XL MARQUETTE http://t.co/ndG9btF5b8 #Mall #TopSeller
Sat May 02 14:41:35 +0000 2015,#DwyaneWade #Deals DWYANE WADE 2010-11 Panini Timeless Treasures Patch Prime #ed 7/10 Miami Heat http://t.co/IUuU6gv0ll #NBA #MiamiHeat
Sat May 02 14:41:35 +0000 2015,#Autographs #onsale Udonis Haslem #MiamiHeat autograph 11x14 #Photo w/COA http://t.co/Q8wCMJ93hm #Autograph #Forsale
Sat May 02 14:41:35 +0000 2015,#DwyaneWade #NBA DWYANE WADE 2010-11 Panini Timeless Treasures Patch Prime #ed 7/10 Miami Heat http://t.co/6nOHruRYDz #MiamiHeat #HEATwin
Sat May 02 14:40:25 +0000 2015,#Cards #Card 2014-15 Prizm Legend Refractor SP Glen Rice #MiamiHeat #239 http://t.co/XHGRJSwm70 #Bargain #Deal
Sat May 02 14:37:35 +0000 2015,#Apparel #Souvenirs New Zipway #NBA Mens #MiamiHeat #Basketball Shorts Athletic Large 34-36 http://t.co/z4wx3KUNxk #eBay #Auction
