Sat May 02 16:57:08 +0000 2015,L A #NBA #OrlandoMagic trading cards-McDonalds Edition-autographed #Card #Cards http://t.co/5a8zVbdCU5
Sat May 02 16:46:39 +0000 2015,L L #NBA #Magic NBA #OrlandoMagic Blue Black Champion Official shooting shirt Regular Season Lg #Bargains #Forsale http://t.co/5Cf6y8pDUU
Sat May 02 16:36:06 +0000 2015,L #NBA 1992 Upper Deck #1 Shaquille O’Neal PSA 8 #OrlandoMagic LSU Tigers L.A. Lakers #Card #Cards http://t.co/Ei8FbxU36K
Sat May 02 16:12:02 +0000 2015,#OrlandoMagic secure #NBA Draft Lottery odds http://t.co/xsIythKsBT
Sat May 02 16:10:21 +0000 2015,L #Basketball #Magic Vintage Chicago Bulls sweep revenge vs #OrlandoMagic Chicago men's XL tshirt #Auction #Cheap http://t.co/guZazYSpUZ
Sat May 02 16:04:08 +0000 2015,L #NBA #OrlandoMagic PRIMARY TEAM LOGO EMBLEM #Jersey PATCH #BestSeller #Deals http://t.co/ixXEvAvVz0
Sat May 02 15:55:22 +0000 2015,L L L #NBA #OrlandoMagic trading cards-McDonalds Edition-autographed #Card #Cards http://t.co/1VcQIuNolt
Sat May 02 15:49:08 +0000 2015,L #Basketball #Magic NBA #OrlandoMagic Blue Black Champion Official shooting shirt Regular Season Lg #Auction #Cheap http://t.co/eD6gYJLJen
Sat May 02 15:43:12 +0000 2015,L #NBA #Magic NBA #OrlandoMagic Blue Black Champion Official shooting shirt Regular Season Lg #Bargains #Forsale http://t.co/JgX5gINkJ8
Sat May 02 15:34:13 +0000 2015,#NBA 1992 Upper Deck #1 Shaquille O’Neal PSA 8 #OrlandoMagic LSU Tigers L.A. Lakers http://t.co/kyb6EmyHd3 #Card #Cards
Sat May 02 15:21:07 +0000 2015,L #NBA 1992 Classic Four Sport #ShaquilleONeal #OrlandoMagic #1 #Basketball Card no res #Card #Cards http://t.co/iHNyi3AoJS
Sat May 02 15:17:45 +0000 2015,#Basketball #Magic Vintage Chicago Bulls sweep revenge vs #OrlandoMagic Chicago men's XL tshirt http://t.co/kwTl6eAgZS #Auction #Cheap
Sat May 02 15:17:44 +0000 2015,#NBA #Magic Vintage Chicago Bulls sweep revenge vs #OrlandoMagic Chicago men's XL tshirt http://t.co/jibkfhUypp #Bargains #Forsale
Sat May 02 15:17:44 +0000 2015,#NBA Huge #Basketball team card lot of the NBA #OrlandoMagic - Shaquillie O'Neal http://t.co/Hmbdx6BkGy #Card #Cards
Sat May 02 15:16:10 +0000 2015,#NBA #OrlandoMagic PRIMARY TEAM LOGO EMBLEM #Jersey PATCH http://t.co/L6ASQGCktO #BestSeller #Deals
Sat May 02 15:14:21 +0000 2015,#NBA #OrlandoMagic - NBA Orlando Magic Blue Black Champion Official shooting shirt Regu... http://t.co/0kRwT3Dq7j http://t.co/k33Sm3HFUt
Sat May 02 15:11:08 +0000 2015,L L #NBA #OrlandoMagic trading cards-McDonalds Edition-autographed #Card #Cards http://t.co/mHdzXD2lYN
Sat May 02 15:01:15 +0000 2015,#Basketball #Magic NBA #OrlandoMagic Blue Black Champion Official shooting shirt Regular Season Lg http://t.co/2nrPtyHujQ #Auction #Cheap
Sat May 02 15:01:14 +0000 2015,#NBA #Magic NBA #OrlandoMagic Blue Black Champion Official shooting shirt Regular Season Lg http://t.co/BIlVwrqiCL #Bargains #Forsale
Sat May 02 15:01:13 +0000 2015,#NBA 1992 Classic 4 Sport #318 Shaquille O’Neal PSA 8.5 #OrlandoMagic L.A. Lakers LSU http://t.co/T5PSMbqRex #Card #Cards
Sat May 02 15:00:13 +0000 2015,#NBA Tracy McGrady XL #OrlandoMagic Red Hwd Classic Throwback Swingman #Jersey http://t.co/nlyjsPm9VE #BestSeller #Deals
Sat May 02 15:00:12 +0000 2015,L #NBA #Magic vtg CHAMPION ANFERNEE PENNY HARDAWAY #OrlandoMagic NBA #Basketball #Jersey shirt #Bargains #Forsale http://t.co/dPprfBl5ZJ
Sat May 02 14:45:08 +0000 2015,#NBA 1992 Classic Four Sport #ShaquilleONeal #OrlandoMagic #1 #Basketball Card no res http://t.co/cMknBO0e6o #Card #Cards
Sat May 02 14:44:49 +0000 2015,L L #Basketball #Magic adidas #OrlandoMagic On-Court Shooter Long Sleeve #TShirt - Royal Blue/Black XXL #Auction… http://t.co/ql3g7ygcOG
Sat May 02 14:29:36 +0000 2015,#Basketball #Magic #OrlandoMagic ADIDAS Authentic (White) On-Court Game Shorts Men's $150 http://t.co/P5h4nSqo1z #Auction #Cheap
Sat May 02 14:28:38 +0000 2015,L L #NBA #Magic adidas #OrlandoMagic On-Court Shooter Long Sleeve #TShirt - Royal Blue/Black XXL #Bargains #Forsale http://t.co/pquTqQ2OQj
Sat May 02 14:23:38 +0000 2015,L L A #NBA #Magic NBA Shaquille O' Neal Folder #OrlandoMagic (1993) "NEW" #Bargains #Forsale http://t.co/TuW5mT5i54
Sat May 02 14:17:42 +0000 2015,L #NBA #OrlandoMagic trading cards-McDonalds Edition-autographed #Card #Cards http://t.co/GCzyIu4eQm
Sat May 02 14:09:10 +0000 2015,#NBA #OrlandoMagic - vtg CHAMPION ANFERNEE PENNY HARDAWAY ORLANDO MAGIC NBA BASKETBALL ... http://t.co/BioEKYIHYC http://t.co/k33Sm3HFUt
Sat May 02 14:02:42 +0000 2015,L #NBA 40 Cards NBA Anfernee "Penny" Hardaway #OrlandoMagic incl Rookie #Card #Cards http://t.co/8NZ6pytlEg
Sat May 02 14:00:57 +0000 2015,#OrlandoMagic secure #NBA Draft Lottery odds http://t.co/fI8TlxA5LC
Sat May 02 13:57:12 +0000 2015,#Basketball #Magic vtg CHAMPION ANFERNEE PENNY HARDAWAY #OrlandoMagic NBA BASKETBALL #Jersey shirt http://t.co/fHHCrofboq #Auction #Cheap
Sat May 02 13:57:12 +0000 2015,#NBA #Magic vtg CHAMPION ANFERNEE PENNY HARDAWAY #OrlandoMagic NBA #Basketball #Jersey shirt http://t.co/aef0tBiz8i #Bargains #Forsale
Sat May 02 13:57:10 +0000 2015,#NBA vtg CHAMPION ANFERNEE PENNY HARDAWAY #OrlandoMagic NBA BASKETBALL #Jersey shirt http://t.co/uOxidvJPDe #BestSeller #Deals
Sat May 02 13:51:06 +0000 2015,L #NBA #OrlandoMagic Autographed Trading Cards #Card #Cards http://t.co/E95ooTNXmq
Sat May 02 13:46:14 +0000 2015,L L #NBA #Magic NEW Old Stock 1990s #OrlandoMagic Champion NBA #TShirt XL #Bargains #Forsale http://t.co/annlhHfXoL
Sat May 02 13:40:37 +0000 2015,L #Basketball #Magic adidas #OrlandoMagic On-Court Shooter Long Sleeve #TShirt - Royal Blue/Black XXL #Auction… http://t.co/Hy05WZGTJd
Sat May 02 13:31:12 +0000 2015,L #NBA #Magic adidas #OrlandoMagic On-Court Shooter Long Sleeve #TShirt - Royal Blue/Black XXL #Bargains #Forsale http://t.co/drx59gb2WE
Sat May 02 13:25:14 +0000 2015,L A #NBA #Magic NBA Shaquille O' Neal Folder #OrlandoMagic (1993) "NEW" #Bargains #Forsale http://t.co/sMNYbQSS4y
Sat May 02 13:25:14 +0000 2015,#NBA #OrlandoMagic trading cards-McDonalds Edition-autographed http://t.co/heDTg1c9Qq #Card #Cards
Sat May 02 13:09:06 +0000 2015,#NBA 40 Cards NBA Anfernee "Penny" Hardaway #OrlandoMagic incl Rookie http://t.co/67xZj0PtTG #Card #Cards
Sat May 02 13:04:35 +0000 2015,L #NBA 2008-09 MVP Dwight Howard #OrlandoMagic Center Team MVP #191 #Card #Cards http://t.co/3gy3RnrToZ
Sat May 02 13:04:05 +0000 2015,#NBA #OrlandoMagic - adidas Orlando Magic On-Court Shooter Long Sleeve T-Shirt - Royal ... http://t.co/AjvdNz7Ldh http://t.co/k33Sm3HFUt
Sat May 02 12:52:35 +0000 2015,#NBA #OrlandoMagic Autographed Trading Cards http://t.co/hzOMy60WL3 #Card #Cards
Sat May 02 12:48:08 +0000 2015,L #NBA #Magic NEW Old Stock 1990s #OrlandoMagic Champion NBA #TShirt XL #Bargains #Forsale http://t.co/y7LB13Ganl
Sat May 02 12:36:11 +0000 2015,#Basketball #Magic adidas #OrlandoMagic On-Court Shooter Long Sleeve #TShirt - Royal Blue/Black XXL http://t.co/Kh7pGUaXyL #Auction #Cheap
Sat May 02 12:36:11 +0000 2015,#NBA 44 Cards NBA Shaquille "Shaq" O'Neal #OrlandoMagic incl Rookie &amp; Team USA http://t.co/h1siCjI1yw #Card #Cards
Sat May 02 12:36:11 +0000 2015,#NBA #Magic adidas #OrlandoMagic On-Court Shooter Long Sleeve #TShirt - Royal Blue/Black XXL http://t.co/K3SqpTuhMR #Bargains #Forsale
Sat May 02 12:33:11 +0000 2015,L L L #NBA #Magic NBA Shaquille O' Neal Folder #OrlandoMagic (1993) "NEW" #Bargains #Forsale http://t.co/NbrxRiNLSC
Sat May 02 12:20:39 +0000 2015,#Basketball #Magic Penny Hardaway #OrlandoMagic Throwback #Jersey XL NBA Hardwood Classic Jordan http://t.co/MjKPSyvYri #Auction #Cheap
Sat May 02 12:20:39 +0000 2015,#NBA #Magic Penny Hardaway #OrlandoMagic Throwback #Jersey XL NBA Hardwood Classic Jordan http://t.co/TJFlhTSy0a #Bargains #Forsale
Sat May 02 12:20:38 +0000 2015,#NBA 2008-09 MVP Dwight Howard #OrlandoMagic Center Team MVP #191 http://t.co/TFqJRrLADh #Card #Cards
Sat May 02 12:17:10 +0000 2015,L #NBA RARE Starter Shaquille O'Neal #OrlandoMagic Pencil Sketch Design #Jersey Size XL #BestSeller #Deals http://t.co/rTAyMFtpsR
Sat May 02 12:07:35 +0000 2015,L A #Basketball #Magic Vintage #OrlandoMagic Penny Hardaway NBA CHAMPION Basketball #Jersey Yourth 15-16 #Auction… http://t.co/T2bdkJ4onm
Sat May 02 12:04:38 +0000 2015,#Basketball #Magic NEW Old Stock 1990s #OrlandoMagic Champion NBA #TShirt XL http://t.co/VC1s2umLG9 #Auction #Cheap
Sat May 02 12:04:38 +0000 2015,#NBA #Magic NEW Old Stock 1990s #OrlandoMagic Champion NBA #TShirt XL http://t.co/d5uBkgmDOn #Bargains #Forsale
Sat May 02 12:00:15 +0000 2015,#NBA #OrlandoMagic - NEW Old Stock 1990s ORLANDO MAGIC Champion NBA T-Shirt XL:  $27.99... http://t.co/i4emgeWOFy http://t.co/k33Sm3HFUt
Sat May 02 11:52:13 +0000 2015,L L L #NBA 1994-95 Stadium Club #355 #ShaquilleONeal #OrlandoMagic S16148 #Card #Cards http://t.co/pQYIbTJ2zZ
Sat May 02 11:35:10 +0000 2015,L L #NBA #Magic NBA Shaquille O' Neal Folder #OrlandoMagic (1993) "NEW" #Bargains #Forsale http://t.co/ikokxdT8S3
Sat May 02 11:29:35 +0000 2015,L #NBA 1994-95 SP #122 Anfernee Hardaway #OrlandoMagic S16099 #Card #Cards http://t.co/78DppAJqQB
Sat May 02 11:26:22 +0000 2015,#OrlandoMagic secure #NBA Draft Lottery odds http://t.co/4bYKnCw0LR
Sat May 02 11:16:34 +0000 2015,#NBA RARE Starter Shaquille O'Neal #OrlandoMagic Pencil Sketch Design #Jersey Size XL http://t.co/EoUPtjO3Vn #BestSeller #Deals
Sat May 02 11:13:20 +0000 2015,L L L #Basketball #Magic Vintage #OrlandoMagic Penny Hardaway NBA CHAMPION Basketball #Jersey Yourth 15-16 #Auction… http://t.co/kfI1WOH5Po
Sat May 02 10:58:13 +0000 2015,L #NBA 98/99 Stadium Club Chrome Refractor #SCC35 Michael Doleac #OrlandoMagic #Card #Cards http://t.co/Vl314q4Aq6
Sat May 02 10:52:36 +0000 2015,L L #NBA 1994-95 Stadium Club #355 #ShaquilleONeal #OrlandoMagic S16148 #Card #Cards http://t.co/oLDrO78qr8
Sat May 02 10:37:11 +0000 2015,L #NBA #Magic NBA Shaquille O' Neal Folder #OrlandoMagic (1993) "NEW" #Bargains #Forsale http://t.co/gdkTfspXS5
Sat May 02 10:31:47 +0000 2015,L L #NBA #Magic #OrlandoMagic DWIGHT HOWARD AUTHENTIC ADIDAS SWINGMAN #Jersey SIZE LARGE #Bargains #Forsale http://t.co/kgOhfPXCw3
Sat May 02 10:28:35 +0000 2015,#NBA 1994-95 SP #122 Anfernee Hardaway #OrlandoMagic S16099 http://t.co/yTVeCmGDW4 #Card #Cards
Sat May 02 10:15:06 +0000 2015,L #NBA #Magic NBA #OrlandoMagic xl #Jacket by starter #Bargains #Forsale http://t.co/BT5CqSeMlE
Sat May 02 10:12:09 +0000 2015,#NBA 1994-95 Topps #100 #ShaquilleONeal #OrlandoMagic S16184 http://t.co/lx9sis3A6U #Card #Cards
Sat May 02 10:10:10 +0000 2015,L L #Basketball #Magic Vintage #OrlandoMagic Penny Hardaway NBA CHAMPION Basketball #Jersey Yourth 15-16 #Auction… http://t.co/wjg2rsaDQb
Sat May 02 09:55:37 +0000 2015,#NBA 98/99 Stadium Club Chrome Refractor #SCC35 Michael Doleac #OrlandoMagic http://t.co/2gFdMtGa4Q #Card #Cards
Sat May 02 09:55:10 +0000 2015,L #NBA 1994-95 Stadium Club #355 #ShaquilleONeal #OrlandoMagic S16148 #Card #Cards http://t.co/EaI9cItqq4
Sat May 02 09:53:49 +0000 2015,#NBA #OrlandoMagic - NBA Shaquille O' Neal Folder Orlando Magic (1993) "NEW":  $12.00En... http://t.co/XiTwGpLjNN http://t.co/k33Sm3HFUt
Sat May 02 09:40:34 +0000 2015,#NBA #Magic NBA Shaquille O' Neal Folder #OrlandoMagic (1993) "NEW" http://t.co/ZhDzY3t4ct #Bargains #Forsale
Sat May 02 09:40:07 +0000 2015,#NBA 1992 - 1993 Fleer Ultra #ShaquilleONeal #OrlandoMagic #328 #Basketball Card http://t.co/TFiqjsuc5N #Card #Cards
Sat May 02 09:39:07 +0000 2015,L #NBA #Magic #OrlandoMagic DWIGHT HOWARD AUTHENTIC ADIDAS SWINGMAN #Jersey SIZE LARGE #Bargains #Forsale http://t.co/Qkj3SvSl5H
Sat May 02 09:28:36 +0000 2015,L #NBA 1992 93 Hoops #ShaquilleONeal Rookie #442 MT #OrlandoMagic #Card #Cards http://t.co/VrU2uoSrzj
Sat May 02 09:25:11 +0000 2015,#Basketball #Magic Vintage SHAQ #OrlandoMagic 90s Reebok Rookie #TShirt Shaquille O'Neal L Large http://t.co/Er1oOWFYmR #Auction #Cheap
Sat May 02 09:25:10 +0000 2015,#NBA #Magic NBA #OrlandoMagic xl #Jacket by starter http://t.co/9l5qOTTeY4 #Bargains #Forsale
Sat May 02 09:23:37 +0000 2015,#NBA 1994-95 Stadium Club #32 #ShaquilleONeal #OrlandoMagic S16152 http://t.co/CtdNVhM0Ut #Card #Cards
Sat May 02 09:23:08 +0000 2015,L #Basketball #Magic Vintage #OrlandoMagic Penny Hardaway NBA CHAMPION Basketball #Jersey Yourth 15-16 #Auction… http://t.co/tBJIdNmVmx
Sat May 02 09:17:35 +0000 2015,L #NBA 2012-13 PANINI CONTENDERS ANDREW NICHOLSON AUTOGRAPH ROOKIE #OrlandoMagic #Card #Cards http://t.co/WtfWKYtbwU
Sat May 02 09:09:05 +0000 2015,#Basketball #Magic NBA Shaquille O' Neal Folder #OrlandoMagic (1993) "NEW" http://t.co/jiI9geJAvE #Auction #Cheap
Sat May 02 09:08:06 +0000 2015,#NBA 1994-95 Stadium Club #355 #ShaquilleONeal #OrlandoMagic S16148 http://t.co/q6FH9wT92q #Card #Cards
Sat May 02 09:01:07 +0000 2015,L #Basketball #Magic #OrlandoMagic DWIGHT HOWARD AUTHENTIC ADIDAS SWINGMAN #Jersey SIZE LARGE #Auction #Cheap http://t.co/sAIr6fmpLe
Sat May 02 08:53:38 +0000 2015,#Basketball #Magic Vintage #OrlandoMagic #Snapback #Hat http://t.co/C6adaCGium #Auction #Cheap
Sat May 02 08:53:38 +0000 2015,#NBA #Magic #OrlandoMagic DWIGHT HOWARD AUTHENTIC ADIDAS SWINGMAN #Jersey SIZE LARGE http://t.co/7uzaj7l003 #Bargains #Forsale
Sat May 02 08:52:35 +0000 2015,#NBA 1992 93 Hoops #ShaquilleONeal Rookie #442 MT #OrlandoMagic http://t.co/OyFGRZXotk #Card #Cards
Sat May 02 08:40:35 +0000 2015,L #NBA #Magic vintage 90s #OrlandoMagic starter #Jacket full zip and button up. size xl!! #Bargains #Forsale http://t.co/lGPBOxBBNj
Sat May 02 08:37:35 +0000 2015,#Basketball #Magic Vintage #OrlandoMagic Penny Hardaway NBA CHAMPION Basketball #Jersey Yourth 15-16 http://t.co/Ny5yNQF4LO #Auction #Cheap
Sat May 02 08:37:34 +0000 2015,#NBA #Magic #OrlandoMagic Dwight Howard #12 NBA Embroidered Adidas #Basketball #Jersey Large http://t.co/m354rDzJuT #Bargains #Forsale
Sat May 02 08:37:34 +0000 2015,#NBA 2012-13 PANINI CONTENDERS ANDREW NICHOLSON AUTOGRAPH ROOKIE #OrlandoMagic http://t.co/V00PtMOROW #Card #Cards
Sat May 02 08:29:38 +0000 2015,L #NBA #Magic Vintage SHAQ #OrlandoMagic 90s Reebok Rookie #TShirt Shaquille O'NeaAarge #Bargains #Forsale http://t.co/3WSyIDI1JY
Sat May 02 08:23:35 +0000 2015,L #NBA 2003-04 TOPPS CHROME DREW GOODEN UNCIRCULATED XFRACTOR #213/220 #OrlandoMagic #Card #Cards http://t.co/NnSaGaBSxw
Sat May 02 08:22:13 +0000 2015,#Basketball #Magic #OrlandoMagic DWIGHT HOWARD AUTHENTIC ADIDAS SWINGMAN #Jersey SIZE LARGE http://t.co/3DDlje32gY #Auction #Cheap
Sat May 02 08:22:13 +0000 2015,#NBA #Magic Vtg #OrlandoMagic Anfernee Penny Hardaway #Jersey NBA #Basketball Champion S http://t.co/oRYO3h9noZ #Bargains #Forsale
Sat May 02 08:22:12 +0000 2015,#NBA #ShaquilleONeal (#OrlandoMagic) - 1992 - Topps Draft Pick http://t.co/AJQou3liEk #Card #Cards
Sat May 02 08:17:37 +0000 2015,L #Basketball #Magic Excellent Adidas NBA Authentics Dwight Howard #OrlandoMagic #Jersey Size Youth XL #Auction… http://t.co/hQfK712D6A
Sat May 02 08:13:06 +0000 2015,L #NBA #Magic Vintage #OrlandoMagic Penny Hardaway NBA CHAMPION #Basketball #Jersey Yourth 15-16 #Bargains #Forsale http://t.co/RsAYcm5k38
