Sat May 02 17:08:05 +0000 2015,L #TrailBlazers #Cards 2010-11 Classics #46 Rudy Fernandez #Onsale #Card http://t.co/hQ7pVSPFvq
Sat May 02 17:07:06 +0000 2015,#TrailBlazers #Cards 1986-87 FLEER KIKI VANDEWEGHE #117 TRAILBLAZERS REAL NICE http://t.co/S7QHq2Ad88 #Onsale #Card
Sat May 02 17:07:06 +0000 2015,#TrailBlazers #Cards 2012-13 Panini Threads Auto #168 Nolan Smith RC - Portland Trailblazers http://t.co/0F7CRw5eCy #Onsale #Card
Sat May 02 16:57:05 +0000 2015,L #TrailBlazers #Buzz Portland Trailblazers #NBA #Jersey rasheed wallace blazers large #Deals #Collectibles http://t.co/9I6O72PPsj
Sat May 02 16:55:41 +0000 2015,#Healthy #WeightLoss Find Out the Truth About the Garcinia Cambogia Fruit Extract. http://t.co/bQkbybQv60 #TrailBlazers #Diet
Sat May 02 16:55:40 +0000 2015,#TrailBlazers #Buzz #NBA authentic road #Jersey Portland Trail Blazers Nike dri-fit sz 52 XXL http://t.co/h6zfkMv5PU #Deals #Collectibles
Sat May 02 16:55:40 +0000 2015,#NBA #TrailBlazers Nba authentic road #Jersey Portland Trail Blazers Nike dri-fit sz 52 XXL http://t.co/qg3zbSNdci #Sales #Discount
Sat May 02 16:49:35 +0000 2015,#TrailBlazers #Cards Damian Lillard Trail Blazers Name Plate For #Autographed Ball Shoe Jersey Picture http://t.co/Kwk6iWslzI #Onsale #Card
Sat May 02 16:49:34 +0000 2015,#TrailBlazers #Cards 2014-15 Panini Immaculate Basketball 5-Box Case Break2 - PORTLAND TRAIL BLAZERS http://t.co/7aT4Tdoo6F #Onsale #Card
Sat May 02 16:46:07 +0000 2015,L L #TrailBlazers #Cards 2010-11 Classics #43 Brandon Roy #Onsale #Card http://t.co/IHBXxynmyB
Sat May 02 16:40:34 +0000 2015,L L B #TrailBlazers #Cards DAMIAN LILLARD 2014 #NBA HOOPS "MOMENTS OF GREATNESS" #22 PORTLAND TRAILBLAZERS #Onsale… http://t.co/B4YWUbSVRO
Sat May 02 16:40:09 +0000 2015,#Healthy #WeightLoss Exercises that can Reduce Your Weight http://t.co/aCL074IsW2 #TrailBlazers #Diet
Sat May 02 16:35:05 +0000 2015,L #NBA #TrailBlazers Portland Trailblazers Quilted Purse #Sales #Discount http://t.co/ogrzJNlVWu
Sat May 02 16:34:09 +0000 2015,#TrailBlazers #Cards 2012-13 Panini Threads Auto #168 Nolan Smith RC - Portland Trailblazers http://t.co/kZgqOWG7PJ #Onsale #Card
Sat May 02 16:34:09 +0000 2015,#TrailBlazers #Cards Damian Lillard Trail Blazers Name Plate For #Autographed Ball Shoe Jersey Picture http://t.co/DO0Aks9uYq #Onsale #Card
Sat May 02 16:34:01 +0000 2015,#NBA Portland #TrailBlazers vs. Utah #Jazz: Blazers Fall Flat on Fan Appreciation Night http://t.co/N10cBkZc5r
Sat May 02 16:29:36 +0000 2015,L #TrailBlazers #Cards 1986-87 FLEER KIKI VANDEWEGHE #117 TRAILBLAZERS REAL NICE #Onsale #Card http://t.co/rZqCHWsSrR
Sat May 02 16:25:08 +0000 2015,#Healthy #WeightLoss Whey Protein Powder And Its Bene#fits For Those Trying To Get Fit http://t.co/93Z2avzrwi #TrailBlazers #Diet
Sat May 02 16:25:08 +0000 2015,L L #TrailBlazers #Cards 1993-94 Upper Deck PORTLAND TRAILBLAZERS Team Set (17) CLYDE DREXLER + #Onsale #Card http://t.co/nbSLeUf0o6
Sat May 02 16:19:08 +0000 2015,L L #TrailBlazers #Buzz 2013-14 Panini #NBA Sticker Team Logo OKC Thunder Portland Trail Blazers… #Deals… http://t.co/q3FqAUlOS4
Sat May 02 16:17:07 +0000 2015,#TrailBlazers #Cards 2012-13 Panini Prizm #195 Terry Porter Card http://t.co/hjfcpRYzGs #Onsale #Card
Sat May 02 16:17:06 +0000 2015,#TrailBlazers #Cards 2010-11 Classics #46 Rudy Fernandez http://t.co/Q6RMxtv8qo #Onsale #Card
Sat May 02 16:13:07 +0000 2015,L #TrailBlazers #Cards 2010-11 Classics #44 Wesley Matthews #Onsale #Card http://t.co/f7HEfmQkBu
Sat May 02 16:12:25 +0000 2015,#NBA Portland #TrailBlazers vs. Utah #Jazz: Blazers Fall Flat on Fan Appreciation Night http://t.co/X1uHw7IAla
Sat May 02 16:11:15 +0000 2015,I love the #NBA! So happy there's a team as storied as the #Trailblazers in a small city like #Portland. Alas #Memphis was too much. #Drama
Sat May 02 16:09:07 +0000 2015,#Healthy #WeightLoss Losing Belly Fat Is Not Rocket Science! Here's Why http://t.co/k3GIr37ZXL #TrailBlazers #Diet
Sat May 02 16:06:06 +0000 2015,#TrailBlazers #Buzz Portland Trailblazers #NBA #Jersey rasheed wallace blazers large http://t.co/yIsXiJgJt9 #Deals #Collectibles
Sat May 02 16:06:05 +0000 2015,#NBA #TrailBlazers Portland Trailblazers nba #Jersey rasheed wallace blazers large http://t.co/4fqXwrUYXO #Sales #Discount
Sat May 02 16:02:36 +0000 2015,L L L #TrailBlazers #Cards 2012-13 Panini Past and Present #152 Will Barton RC #Onsale #Card http://t.co/SgX22aCV6M
Sat May 02 16:02:03 +0000 2015,I received this beautiful gift from Cassia one of our #Trailblazers #ClassOf2014 #CelebrationEvent Thank you so much! http://t.co/DyCyVNit8y
Sat May 02 16:01:11 +0000 2015,#TrailBlazers #Cards 2010-11 Classics #46 Rudy Fernandez http://t.co/neoo7gca2y #Onsale #Card
Sat May 02 16:01:10 +0000 2015,#TrailBlazers #Cards 2010-11 Classics #45 LaMarcus Aldridge http://t.co/H9n4QznBWS #Onsale #Card
Sat May 02 15:57:06 +0000 2015,L #TrailBlazers #Cards 2010-11 Classics #43 Brandon Roy #Onsale #Card http://t.co/oYq6FJ3INc
Sat May 02 15:53:05 +0000 2015,#Healthy #WeightLoss This Is Why You Will Get Sick on a Raw Vegan Diet http://t.co/yYlzPgwnLZ #TrailBlazers #Diet
Sat May 02 15:52:04 +0000 2015,L B #TrailBlazers #Cards DAMIAN LILLARD 2014 #NBA HOOPS "MOMENTS OF GREATNESS" #22 PORTLAND TRAILBLAZERS #Onsale… http://t.co/gqMr6XUgVd
Sat May 02 15:50:06 +0000 2015,#TrailBlazers #Buzz 1991-92 ( BUCK WILLIAMS ) Dairy Queen Portland Trailblazers Collecters… http://t.co/lqOt9F8FVe #Deals #Collectibles
Sat May 02 15:50:05 +0000 2015,#NBA #TrailBlazers Portland Trailblazers Quilted Purse http://t.co/QomGKgnR2o #Sales #Discount
Sat May 02 15:50:02 +0000 2015,#NBA Portland #TrailBlazers vs. Utah #Jazz: Blazers Fall Flat on Fan Appreciation Night http://t.co/hmdEDYobsW
Sat May 02 15:46:38 +0000 2015,L #TrailBlazers #Buzz Portland Trail Blazers #NBA Nike White Rasheed Wallace #30 2XL #Basketball… #Deals… http://t.co/13EWCHhKjV
Sat May 02 15:45:09 +0000 2015,#TrailBlazers #Cards 1986-87 FLEER MYCHAL THOMPSON #111 TRAILBLAZERS REAL NICE http://t.co/e6Cn0vZDbr #Onsale #Card
Sat May 02 15:45:08 +0000 2015,#TrailBlazers #Cards 1986-87 FLEER KIKI VANDEWEGHE #117 TRAILBLAZERS REAL NICE http://t.co/qNzP8WjNpt #Onsale #Card
Sat May 02 15:40:38 +0000 2015,L #TrailBlazers #Cards 1993-94 Upper Deck PORTLAND TRAILBLAZERS Team Set (17) CLYDE DREXLER + #Onsale #Card http://t.co/uHDcvb119a
Sat May 02 15:37:05 +0000 2015,#Healthy #WeightLoss What is the best weight loss diet plan to avoid obesity? http://t.co/mRrd5us9NZ #TrailBlazers #Diet
Sat May 02 15:34:09 +0000 2015,L #TrailBlazers #Buzz 2013-14 Panini #NBA Sticker Team Logo OKC Thunder Portland Trail Blazers… #Deals #Collectibles http://t.co/cwl5vKcuEY
Sat May 02 15:34:09 +0000 2015,#TrailBlazers #Buzz 1992-93 ( TERRY PORTER ) Dairy Queen Portland Trailblazers Collecters… http://t.co/MiTUScis3K #Deals #Collectibles
Sat May 02 15:34:08 +0000 2015,#NBA #TrailBlazers 1992-93 ( TERRY PORTER ) Dairy Queen Portland Trailblazers Collecters Glass. http://t.co/VWdmwAG8yU #Sales #Discount
Sat May 02 15:28:35 +0000 2015,#TrailBlazers #Cards 2010-11 Classics #44 Wesley Matthews http://t.co/TYMY8YwAux #Onsale #Card
Sat May 02 15:28:34 +0000 2015,#TrailBlazers #Cards 1986-87 FLEER MYCHAL THOMPSON #111 TRAILBLAZERS REAL NICE http://t.co/jqZoLHHUkZ #Onsale #Card
Sat May 02 15:28:16 +0000 2015,Portland #TrailBlazers vs. Utah #Jazz: Blazers Fall Flat on Fan Appreciation Night #NBA http://t.co/g7eCSz0djJ
Sat May 02 15:28:10 +0000 2015,Portland #TrailBlazers vs. Utah #Jazz: Blazers Fall Flat on Fan Appreciation Night #NBA http://t.co/jieDDItEvv
Sat May 02 15:23:37 +0000 2015,L #TrailBlazers #Cards 1986-87 FLEER JIM PAXSON #85 TRAILBLAZERS REAL NICE #Onsale #Card http://t.co/zoD1os0m1i
Sat May 02 15:22:07 +0000 2015,#Healthy #WeightLoss The Best Weight Loss Tip - Eat Real Food http://t.co/If7JYhAbaQ #TrailBlazers #Diet
Sat May 02 15:17:39 +0000 2015,L L #TrailBlazers #Cards 2012-13 Panini Past and Present #152 Will Barton RC #Onsale #Card http://t.co/UJkXgmIZ9r
Sat May 02 15:17:39 +0000 2015,#TrailBlazers #Buzz Portland Trailblazers Quilted Purse http://t.co/8rwe4pxRUl #Deals #Collectibles
Sat May 02 15:17:38 +0000 2015,#NBA #TrailBlazers 1991-92 ( BUCK WILLIAMS ) Dairy Queen Portland Trailblazers Collecters Glass. http://t.co/gg9szuNC4s #Sales #Discount
Sat May 02 15:13:10 +0000 2015,#TrailBlazers #Cards 2010-11 Classics #43 Brandon Roy http://t.co/sFFyfGnSuH #Onsale #Card
Sat May 02 15:13:10 +0000 2015,#TrailBlazers #Cards 2010-11 Classics #43 Brandon Roy http://t.co/QEJbs0opCe #Onsale #Card
Sat May 02 15:12:07 +0000 2015,L L L #TrailBlazers #Cards DAMIAN LILLARD 2014 #NBA HOOPS "MOMENTS OF GREATNESS" #22 PORTLAND TRAILBLAZERS #Onsale… http://t.co/PTla3Fy2un
Sat May 02 15:07:04 +0000 2015,L L L #TrailBlazers #Cards 2012-13 Immaculate LaMarcus Aldridge 12/25 Jersey Numbered Silver Base 1/1 #Onsale #Card http://t.co/6WzCmpvWgq
Sat May 02 15:01:10 +0000 2015,L #TrailBlazers #Cards 2012-13 Prestige #188 Nolan Smith RC #Onsale #Card http://t.co/w7GR7w9LBh
Sat May 02 15:01:09 +0000 2015,#TrailBlazers #Buzz Portland Trail Blazers #NBA Nike White Rasheed Wallace #30 2XL #Basketball… http://t.co/Eh6iWxEx0M #Deals #Collectibles
Sat May 02 15:01:09 +0000 2015,#NBA #TrailBlazers Portland Trail Blazers NBA Nike White Rasheed Wallace #30 2XL #Basketball… http://t.co/KNNnmjLTaw #Sales #Discount
Sat May 02 14:58:04 +0000 2015,#TrailBlazers #Cards 1993-94 Upper Deck PORTLAND TRAILBLAZERS Team Set (17) CLYDE DREXLER + http://t.co/JNKx1IHWMD #Onsale #Card
Sat May 02 14:58:04 +0000 2015,#TrailBlazers #Cards 1993-94 Upper Deck PORTLAND TRAILBLAZERS Team Set (17) CLYDE DREXLER + http://t.co/nxbMsl7hzg #Onsale #Card
Sat May 02 14:56:04 +0000 2015,L C #TrailBlazers #Cards 2014/15 Panini Select Damian Lillard Purple And White Prizm Refractor Premier #Onsale… http://t.co/iGBRh8hlEy
Sat May 02 14:52:09 +0000 2015,#Healthy #WeightLoss Keep Yourself Healthy With Matcha Green Tea http://t.co/5z50qDUNkQ #TrailBlazers #Diet
Sat May 02 14:50:35 +0000 2015,L #NBA #TrailBlazers Authentic Nike Game Portland Trailblazers Warm Up Jacket #Jersey Lillard… #Sales #Discount http://t.co/MUSvfEolpZ
Sat May 02 14:46:16 +0000 2015,#TrailBlazers #Buzz 2013-14 Panini #NBA Sticker Team Logo OKC Thunder Portland Trail Blazers… http://t.co/cIZ3nOb0la #Deals #Collectibles
Sat May 02 14:46:15 +0000 2015,#NBA #TrailBlazers 2013-14 Panini NBA Sticker Team Logo OKC Thunder Portland Trail Blazers A23 A24 http://t.co/xm6PB3EI9I #Sales #Discount
Sat May 02 14:44:02 +0000 2015,Portland #TrailBlazers vs. Utah #Jazz: Blazers Fall Flat on #NBA Fan Appreciation Night http://t.co/zafsWznL0B
Sat May 02 14:43:25 +0000 2015,LauriMParker: #Healthy #WeightLoss The Best Weight Loss Tip - Eat Real Food http://t.co/rh0A6ItPDe #TrailBlazers… http://t.co/ASsT4yELBG
Sat May 02 14:42:08 +0000 2015,#TrailBlazers #Cards 1986-87 FLEER JIM PAXSON #85 TRAILBLAZERS REAL NICE http://t.co/NSUWQNyeWW #Onsale #Card
Sat May 02 14:42:08 +0000 2015,#TrailBlazers #Cards 1986-87 FLEER JIM PAXSON #85 TRAILBLAZERS REAL NICE http://t.co/OepD0qxoSs #Onsale #Card
Sat May 02 14:40:35 +0000 2015,L L #TrailBlazers #Cards 2012-13 Immaculate LaMarcus Aldridge 12/25 Jersey Numbered Silver Base 1/1 #Onsale #Card http://t.co/hs3b46Ddpf
Sat May 02 14:39:58 +0000 2015,#Healthy #WeightLoss The Best Weight Loss Tip - Eat Real Food http://t.co/zXLvrw2nAd #TrailBlazers #Diet … http://t.co/wSUJutS4P5
Sat May 02 14:37:17 +0000 2015,#Healthy #WeightLoss The Best Weight Loss Tip - Eat Real Food http://t.co/oNztJI2vIj #TrailBlazers #Diet
Sat May 02 14:35:10 +0000 2015,L #TrailBlazers #Cards 2012-13 Panini Past and Present #152 Will Barton RC #Onsale #Card http://t.co/OeGOR75YAm
Sat May 02 14:29:37 +0000 2015,L #TrailBlazers #Cards 2012-13 Panini Past and Present #152 Will Barton RC #Onsale #Card http://t.co/JSgCwBr2qe
Sat May 02 14:26:05 +0000 2015,#TrailBlazers #Cards 2012-13 Prestige #188 Nolan Smith RC http://t.co/5JGUDeAS1L #Onsale #Card
Sat May 02 14:26:05 +0000 2015,#TrailBlazers #Cards 2000 - Fleer Authority Rookies - Erick Barkley - NUMBERED - ROOKIE - MINT 9!!! http://t.co/MdFBn4Vwqx #Onsale #Card
Sat May 02 14:24:06 +0000 2015,L L #TrailBlazers #Cards DAMIAN LILLARD 2014 #NBA HOOPS "MOMENTS OF GREATNESS" #22 PORTLAND TRAILBLAZERS #Onsale… http://t.co/OCJJfO7n6Z
Sat May 02 14:19:12 +0000 2015,L L #TrailBlazers #Cards 2012-13 Immaculate LaMarcus Aldridge 12/25 Jersey Numbered Silver Base 1/1 #Onsale #Card http://t.co/C1iq28WzgG
Sat May 02 14:14:41 +0000 2015,#TrailBlazers Trail Blazers GM Neil Olshey confirmed that Terry Stotts will return as the team's head coach in...  http://t.co/ojOABVyels
Sat May 02 14:14:07 +0000 2015,L L L #TrailBlazers #Cards 2012-13 Panini Brilliance #207 Clyde Drexler #Onsale #Card http://t.co/CVrTPWqJhC
Sat May 02 14:10:06 +0000 2015,#TrailBlazers #Cards 2000 - Fleer Authority Rookies - Erick Barkley - NUMBERED - ROOKIE - MINT 9!!! http://t.co/eRmggRGW5u #Onsale #Card
Sat May 02 14:10:06 +0000 2015,#TrailBlazers #Cards 2012-13 Prestige #188 Nolan Smith RC http://t.co/J1MnbiM2Mm #Onsale #Card
Sat May 02 14:06:08 +0000 2015,#Healthy #WeightLoss 4 Weight Loss Exercise Plans For Busy People http://t.co/CACwHPOZOn #TrailBlazers #Diet
Sat May 02 14:04:14 +0000 2015,L #TrailBlazers #Cards 1995-96 Upper Deck PORTLAND TRAILBLAZERS Team Set (10) ARVYDAS SABONIS Rookie + #Onsale #Card http://t.co/vTKegt0Cfp
Sat May 02 14:02:29 +0000 2015,RT nextleveldc: It a pleasure to have one of #Detroit #TrailBlazers of the #danceworld in #NextLevelCompanyClass… … http://t.co/OYOzoLfH8R
Sat May 02 14:01:11 +0000 2015,It a pleasure to have one of #Detroit #TrailBlazers of the #danceworld in #NextLevelCompanyClass… https://t.co/pFg9CTyWdP
Sat May 02 13:58:34 +0000 2015,L L B #TrailBlazers #Cards 2014/15 Panini Select Damian Lillard Purple And White Prizm Refractor Premier #Onsale… http://t.co/v8Q4zl7hOZ
Sat May 02 13:57:06 +0000 2015,#TrailBlazers #Buzz Authentic Nike Game Portland Trailblazers Warm Up Jacket #Jersey Lillard… http://t.co/JahfGrrU4Y #Deals #Collectibles
Sat May 02 13:57:06 +0000 2015,#NBA #TrailBlazers Authentic Nike Game Portland Trailblazers Warm Up Jacket #Jersey Lillard… http://t.co/JWwnfQRVKE #Sales #Discount
Sat May 02 13:55:05 +0000 2015,#TrailBlazers #Cards 1996 Topps Stars RC Auto 10 Bill Walton BGS 8.5 Rookie Retro Blazers 9.5 HOF http://t.co/GUp4iI1CgU #Onsale #Card
Sat May 02 13:55:05 +0000 2015,#TrailBlazers #Cards 1996 Topps Stars RC Auto 10 Bill Walton BGS 8.5 Rookie Retro Blazers 9.5 HOF http://t.co/ugIayaSsw5 #Onsale #Card
Sat May 02 13:53:53 +0000 2015,Marc Gasol estelar llevó a los #Grizzlies a superar a los #TrailBlazers y pasar a las semifinales. #NBAPlayoffs http://t.co/Bye9EJwFT3
Sat May 02 13:52:33 +0000 2015,L L #NBA #TrailBlazers NEW Damian Lillard 0 Limited Edition 2013-2014 Trail Blazers Collectible Glass #Sales… http://t.co/KyVsBo0aCz
Sat May 02 13:52:16 +0000 2015,#TrailBlazers With LaMarcus Aldridge poised to become an unrestricted free agent this summer Blazers GM Neil ...  http://t.co/ojOABVyels
Sat May 02 13:47:07 +0000 2015,L L #TrailBlazers #Cards 2012-13 Panini Brilliance #283 Damian Lillard RC #Onsale #Card http://t.co/wuNsJUYqHO
Sat May 02 13:45:28 +0000 2015,#portland #trailblazers #RipCity #nba New Portland Trail Blazers Rumors. Saturday May 2 2015 http://t.co/n2RB9A90KW