Sat May 02 17:10:14 +0000 2015,Graduation day :NBA star Damian Lillard gets his degree from Weber State http://t.co/WDskikOJLj #UtahJazz #NBA
Sat May 02 16:42:32 +0000 2015,The RoundupâJazz 91 Rockets 117| http://t.co/PA2COp5wJz #NBA #UtahJazz
Sat May 02 15:50:11 +0000 2015,And-Ones :Huertas NBA Draft Towns http://t.co/Arwt5i0eAt #UtahJazz #NBA
Sat May 02 15:30:11 +0000 2015,Week In Review 4/26/15-5/2/15 http://t.co/JDDZZpxPAr #UtahJazz #NBA
Sat May 02 15:12:56 +0000 2015,#NBA #UtahJazz - NBA Basketball Utah Jazz Adidas Shirt Adult L Large:  $3.95End Date: M... http://t.co/hgwo0AfjLy http://t.co/k33Sm3HFUt
Sat May 02 14:51:11 +0000 2015,RT @devdixon: #UtahJazz News Graduation day: NBA star Damian Lillard gets his degree from Weber State: OGDEN — Damian Lillar... http://t.co…
Sat May 02 14:42:29 +0000 2015,#NBA #UtahJazz - NBA Basketball Utah Jazz Adidas Shirt Adult L Large:  $3.95End Date: M... http://t.co/QHWBcuhOHR http://t.co/lQmogZfBKD
Sat May 02 14:19:36 +0000 2015,#UtahJazz News Graduation day: NBA star Damian Lillard gets his degree from Weber State: OGDEN — Damian Lillar... http://t.co/G54NIgleax
Sat May 02 14:19:27 +0000 2015,@Joeingles7 @mharpring15 Matt's first taste: https://t.co/QuFnbt6TPF#utahjazz #jazznation
Sat May 02 13:44:12 +0000 2015,#UtahJazz #jazznation #gojazz #forum Early Start on Predictions for 2015-2016 - All-Star Game http://t.co/m8pIc5pU9J
Sat May 02 13:25:07 +0000 2015,Jazz need to find a back-up big man http://t.co/aQel8bfmKH #UtahJazz #NBA
Sat May 02 13:05:06 +0000 2015,Prospect Profile :Tyus Jones http://t.co/D3kZQydEHo #UtahJazz #NBA
Sat May 02 12:59:15 +0000 2015,RT @topUJazz: Northwest Notes :Donovan Blazers Thunder http://t.co/qoRq7SyZYX #UtahJazz #NBA
Sat May 02 12:45:06 +0000 2015,Northwest Notes :Donovan Blazers Thunder http://t.co/qoRq7SyZYX #UtahJazz #NBA
Sat May 02 12:17:33 +0000 2015,Jazz Hold On to Beat the Knicks| http://t.co/ICrkkhJQps #NBA #UtahJazz
Sat May 02 11:07:29 +0000 2015,And-Ones :Tomic Huertas Free Agents| http://t.co/CQx9Ju35wu #NBA #UtahJazz
Sat May 02 10:32:27 +0000 2015,Jazz Rookie Bryce Cotton Selected to All-NBA D-League Second Team| http://t.co/j3WC9zpI97 #NBA #UtahJazz
Sat May 02 10:24:49 +0000 2015,#NBA #UtahJazz - Utah Jazz 2 1/2" Logo Patch Emblem  Basketball:  $1.99 (0 Bids)End Dat... http://t.co/Y8xtxpdJmX http://t.co/lQmogZfBKD
Sat May 02 10:24:48 +0000 2015,#NBA #UtahJazz - Utah Jazz 2 1/2" Logo Patch Emblem  Basketball 5 Patch Lot:  $3.99 (0 ... http://t.co/TtljQPTAQo http://t.co/lQmogZfBKD
Sat May 02 10:24:48 +0000 2015,#NBA #UtahJazz - Utah Jazz 3 1/2" Logo Patch Emblem Basketball:  $2.99 (0 Bids)End Date... http://t.co/UaeLaG8nHK http://t.co/lQmogZfBKD
Sat May 02 10:24:48 +0000 2015,#NBA #UtahJazz - Utah Jazz since 1980 3 1/2" Logo Patch Crest Basketball:  $2.99 (0 Bid... http://t.co/ZKpWSpA1mt http://t.co/lQmogZfBKD
Sat May 02 10:00:58 +0000 2015,#JPGibson #UtahJazz http://t.co/qqMRa9dLLT
Sat May 02 10:00:16 +0000 2015,Jazz need to find a back-up big man http://t.co/aQel8bwY9h #UtahJazz #NBA
Sat May 02 09:57:51 +0000 2015,And-Ones :Bhamara Jazz Brooks| http://t.co/NVtq9nQnui #NBA #UtahJazz
Sat May 02 09:22:49 +0000 2015,Cavaliers Win Fourth Straight; Pistons Hold Off the Magic| http://t.co/gV9M7IbukN #NBA #UtahJazz
Sat May 02 09:00:11 +0000 2015,2014/15 D-League Usage Report :Pacers http://t.co/zcJluoXQpG #UtahJazz #NBA
Sat May 02 08:47:46 +0000 2015,Northwest Notes :Brooks Thunder Aldridge| http://t.co/JD9pJfZVgh #NBA #UtahJazz
Sat May 02 08:40:03 +0000 2015,And-Ones :Huertas NBA Draft Towns http://t.co/Arwt5hIDIV #UtahJazz #NBA
Sat May 02 08:37:16 +0000 2015,#UtahJazz #jazznation #gojazz #forum Former Utah Jazz Player JP Gibson Receives Last Chemo Treatment http://t.co/nteURNuq16
Sat May 02 08:15:12 +0000 2015,Utah Jazz top five stories of the week http://t.co/kgCyIbW7y4 #UtahJazz #NBA
Sat May 02 08:12:44 +0000 2015,Emptying the Noggin â Bryce Cotton on the hammer dunk| http://t.co/9NX6G8lXby #NBA #UtahJazz
Sat May 02 07:37:42 +0000 2015,Western Notes :McDaniels Duncan Brooks| http://t.co/eVqnnbyZi6 #NBA #UtahJazz
Sat May 02 07:35:11 +0000 2015,7 reasons why May 2 is the biggest sports day of the year http://t.co/sMfxr274RY #UtahJazz #NBA
Sat May 02 07:15:11 +0000 2015,Warriors GM Bob Myers voted NBA's executive of the year http://t.co/azBJYAs81u #UtahJazz #NBA
Sat May 02 07:02:40 +0000 2015,The RoundupâJazz 91 Rockets 117| http://t.co/PA2COp5wJz #NBA #UtahJazz
Sat May 02 06:27:38 +0000 2015,And-Ones :Martin Fontecchio Jazz| http://t.co/CHBjfjVoqo #NBA #UtahJazz
Sat May 02 06:15:09 +0000 2015,2014/15 D-League Usage Report :Clippers http://t.co/BB8rk0VBwm #UtahJazz #NBA
Sat May 02 05:55:08 +0000 2015,Celtics Notes :Thomas Ainge Offseason http://t.co/26QJwFD16O #UtahJazz #NBA
Sat May 02 05:35:08 +0000 2015,Prospect Profile :Tyus Jones http://t.co/D3kZQydEHo #UtahJazz #NBA
Sat May 02 05:15:07 +0000 2015,Northwest Notes :Donovan Blazers Thunder http://t.co/qoRq7SyZYX #UtahJazz #NBA
Sat May 02 04:33:58 +0000 2015,#NBA #UtahJazz - Champion Vintage Utah Jazz Shooting Shirt Warmup Jersey Black Retro M/... http://t.co/ovyHT5ThCo http://t.co/lQmogZfBKD
Sat May 02 04:07:30 +0000 2015,Northwest Notes :Brooks Jazz Wolves| http://t.co/Yx75j30i3P #NBA #UtahJazz
Sat May 02 03:43:10 +0000 2015,RT @NBAJazz_fans: Jazz Rookie Bryce Cotton Selected to All-NBA D-League Second Team| http://t.co/j3WC9zpI97 #NBA #UtahJazz
Sat May 02 03:30:15 +0000 2015,#NBA #UtahJazz - UTAH JAZZ Multi-Color LICENSE PLATE #7 - NEW:  $10.99End Date: Sunday ... http://t.co/8mcDNtUgaX http://t.co/lQmogZfBKD
Sat May 02 03:30:15 +0000 2015,#NBA #UtahJazz - UTAH JAZZ Multi-Color LICENSE PLATE #7 - NEW:  $10.99End Date: Sunday ... http://t.co/reJS57r2Dd http://t.co/k33Sm3HFUt
Sat May 02 03:30:15 +0000 2015,#NBA #UtahJazz - KARL MALONE Utah Jazz jersey youth XL rare 90's FREE SHIP Champion NWO... http://t.co/1zfVAs8VeU http://t.co/k33Sm3HFUt
Sat May 02 03:30:15 +0000 2015,#NBA #UtahJazz - 4" Utah Jazz NBA Logo Basketball Die-Cut Sticker:  $1.99End Date: Sund... http://t.co/rqpN8U3n3e http://t.co/k33Sm3HFUt
Sat May 02 03:10:11 +0000 2015,Jazz need to find a back-up big man http://t.co/aQel8bwY9h #UtahJazz #NBA
Sat May 02 03:00:28 +0000 2015,#NBA #UtahJazz - KARL MALONE Utah Jazz jersey youth XL rare 90's FREE SHIP Champion NWO... http://t.co/REm51seMXi http://t.co/lQmogZfBKD
Sat May 02 03:00:27 +0000 2015,#NBA #UtahJazz - 4" Utah Jazz NBA Logo Basketball Die-Cut Sticker:  $1.99End Date: Sund... http://t.co/uqZ2i6ephf http://t.co/lQmogZfBKD
Sat May 02 02:57:53 +0000 2015,Northwest Notes :Donovan Blazers Pleiss| http://t.co/QldDXBo6lS #NBA #UtahJazz
Sat May 02 02:36:28 +0000 2015,That time we had Paul Millsap DeMarre Carrol Kyle Korver. Ya. #utahjazz
Sat May 02 02:28:07 +0000 2015,#NBA #UtahJazz - Carlos Boozer Utah Jazz Youth Jersey By Reebok. Size L (14-16).:  $13.... http://t.co/YZR9nI0jbQ http://t.co/lQmogZfBKD
Sat May 02 02:28:07 +0000 2015,#NBA #UtahJazz - Utah Jazz #8 NBA Adidas Basketball Jersey womens M medium med:  $24.99... http://t.co/pj619ikU7a http://t.co/lQmogZfBKD
Sat May 02 02:28:07 +0000 2015,#NBA #UtahJazz - NIKE UTAH JAZZ #47 STITCHED NBA BASKETBALL JERSEY ANDREI KIRILENKO XXL... http://t.co/HgzhSQzjLy http://t.co/lQmogZfBKD
Sat May 02 02:28:06 +0000 2015,#NBA #UtahJazz - Carlos Boozer Utah Jazz Youth Jersey By Reebok. Size L (14-16).:  $13.... http://t.co/2d5vbPXIf9 http://t.co/k33Sm3HFUt
Sat May 02 02:28:06 +0000 2015,#NBA #UtahJazz - Utah Jazz #8 NBA Adidas Basketball Jersey womens M medium med:  $24.99... http://t.co/1FkQOfsGEl http://t.co/k33Sm3HFUt
Sat May 02 02:28:05 +0000 2015,#NBA #UtahJazz - NIKE UTAH JAZZ #47 STITCHED NBA BASKETBALL JERSEY ANDREI KIRILENKO XXL... http://t.co/1Ha285L5zx http://t.co/k33Sm3HFUt
Sat May 02 02:22:49 +0000 2015,And-Ones :Tomic Huertas Free Agents| http://t.co/CQx9Ju35wu #NBA #UtahJazz
Sat May 02 01:50:04 +0000 2015,Celtics Likely To Seek DeMarcus Cousins http://t.co/hhE7Ab1ZkN #UtahJazz #NBA
Sat May 02 01:47:47 +0000 2015,Jazz and Partners Contribute Nearly $240000 in Charitable Donations This Season| http://t.co/0rekYRin66 #NBA #UtahJazz
Sat May 02 01:34:56 +0000 2015,This one's dedicated to @MonsonThomasS and all the elders in UTopiAH: http://t.co/y7kKv7J3E7 #mormon #BYU #BYUI #LDS #mormongirls #utahjazz
Sat May 02 01:25:30 +0000 2015,#NBA #UtahJazz - Utah Jazz Jazzers Sequin Beaded Basketball Patch:  $14.99End Date: Sun... http://t.co/RnDsNE0rIz http://t.co/lQmogZfBKD
Sat May 02 01:25:30 +0000 2015,#NBA #UtahJazz - Vintage Utah Jazz Stuffed Plush Bear Cheerleader w/ Tag:  $9.99End Dat... http://t.co/WaeAqWsr04 http://t.co/lQmogZfBKD
Sat May 02 01:25:29 +0000 2015,#NBA #UtahJazz - Vintage Utah Jazz Stuffed Plush Bear Cheerleader w/ Tag:  $9.99End Dat... http://t.co/FiMvrIKQvf http://t.co/k33Sm3HFUt
Sat May 02 01:25:12 +0000 2015,The Downbeat #1615 :The Deron Williams Was Ninja and Missing the Jazz in the Playoffs Edition http://t.co/vHlKFDSnqE #UtahJazz #NBA
Sat May 02 01:12:45 +0000 2015,Jazz Rookie Bryce Cotton Selected to All-NBA D-League Second Team| http://t.co/j3WC9zpI97 #NBA #UtahJazz
Sat May 02 01:05:11 +0000 2015,Utah Jazz top five stories of the week http://t.co/kgCyIbW7y4 #UtahJazz #NBA
Sat May 02 00:57:05 +0000 2015,#SBNation #UtahJazz NBA Playoffs 2015 Round 1 Day 14 http://t.co/GVqCTci8t5 http://t.co/a5mtzFEDK1
Sat May 02 00:45:11 +0000 2015,7 reasons why May 2 is the biggest sports day of the year http://t.co/sMfxr274RY #UtahJazz #NBA
Sat May 02 00:42:00 +0000 2015,#UtahJazz #jazznation #gojazz #forum SLC Dunk - NBA Playoffs 2015: Paul Millsap Kyle Korver look to lead Atla.. http://t.co/wnHW4vSs1a
Sat May 02 00:37:43 +0000 2015,Rodney Hood Named NBAâs Western Conference Rookie of the Month for April| http://t.co/SQCYvIBTqc #NBA #UtahJazz
Sat May 02 00:37:13 +0000 2015,#UtahJazz #jazznation #gojazz #forum Dennis Lindsey's Comments on May 1st http://t.co/U26ZfBxzTO
Sat May 02 00:34:36 +0000 2015,#ESPN #UtahJazz Jazz by the numbers: Stockton and Malone flashback http://t.co/gR8cgxYaN6 http://t.co/a5mtzFEDK1
Sat May 02 00:34:36 +0000 2015,#ESPN #UtahJazz Just How Good Can the Jazz Be? http://t.co/pMUcV3vsWE http://t.co/a5mtzFEDK1
Sat May 02 00:34:35 +0000 2015,#ESPN #UtahJazz Jimbo's Mailbag - I Know Ante Tomic's Girlfriend http://t.co/WBGOFUkLGw http://t.co/a5mtzFEDK1
Fri May 01 23:27:39 +0000 2015,Game Preview :Jazz at Rockets| http://t.co/9SFoYCJNGe #NBA #UtahJazz
Fri May 01 23:25:08 +0000 2015,Latest On LaMarcus Aldridge http://t.co/zRAh06oPzl #UtahJazz #NBA
Fri May 01 23:18:50 +0000 2015,#NBA #UtahJazz - MEN'S New-BLUE-Deadstock-Utah Jazz Basketball Nike Hat-SIZE LARGE:  $2... http://t.co/LVfqTqL3Hq http://t.co/lQmogZfBKD
Fri May 01 23:18:49 +0000 2015,#NBA #UtahJazz - MEN'S New-BLUE-Deadstock-Utah Jazz Basketball Nike Hat-SIZE LARGE:  $2... http://t.co/tANkjYWvzj http://t.co/k33Sm3HFUt
Fri May 01 23:15:32 +0000 2015,RT @topUJazz: Arron Afflalo Plans To Opt Out http://t.co/FeY5DhyvX5 #UtahJazz #NBA
Fri May 01 23:09:03 +0000 2015,#UtahJazz #jazznation #gojazz #utah Just How Good Can the Jazz Be? http://t.co/qtt8hrcx9h
Fri May 01 23:09:03 +0000 2015,#UtahJazz #jazznation #gojazz #utah NBA Playoffs 2015: Paul Millsap Kyle Korver look to lead Atlanta Hawks ov.. http://t.co/3RE4ZBjKwA
Fri May 01 23:05:08 +0000 2015,Arron Afflalo Plans To Opt Out http://t.co/FeY5DhyvX5 #UtahJazz #NBA
Fri May 01 22:54:18 +0000 2015,Gordon Hayward sus ‘highlights’ de la temporada 2014-15 #Baloncesto #Deportes #Basket #NBA #UtahJazz            … https://t.co/4CclYieWxx
Fri May 01 22:45:07 +0000 2015,Governor Says Bucks Arena Deal Close http://t.co/SspebQqEgB #UtahJazz #NBA
Fri May 01 22:37:04 +0000 2015,#UtahJazz #jazznation #gojazz #forum Salt City Hoops - Jimbo's Mailbag - I Know Ante Tomic's Girlfriend http://t.co/uh2GpohhDJ
Fri May 01 22:31:22 +0000 2015,@monilogue thank you so much. It has been a crazy journey that we are glad is coming to an end. #nomorechemo #utahjazz #cancersucks
Fri May 01 22:19:21 +0000 2015,I miss the Jazz games:( #utahjazz #jazznation http://t.co/Mx8tUguU9p
Fri May 01 22:15:27 +0000 2015,#NBA #UtahJazz - EUC Reebok Smooth Deron Williams Utah Jazz Jersey Youth Sz XL (18-20) ... http://t.co/a5NyIZ8tVh http://t.co/lQmogZfBKD
Fri May 01 22:15:27 +0000 2015,#NBA #UtahJazz - Used Adidas Mens Paul Millsap Utah Jazz NBA Basketball Swag Cool Jerse... http://t.co/MHc69QCNq7 http://t.co/lQmogZfBKD
Fri May 01 22:15:27 +0000 2015,#NBA #UtahJazz - Karl Malone Nike Retro Team USA jersey and shorts XL:  $84.99 (0 Bids)... http://t.co/AjKPyvQXSc http://t.co/lQmogZfBKD
Fri May 01 22:15:26 +0000 2015,#NBA #UtahJazz - REEBOK NBA BOYS  jersey Utah Jazz Deron Williams #8  L-14-16:  $14.99E... http://t.co/y9468K8mIC http://t.co/lQmogZfBKD
Fri May 01 22:15:26 +0000 2015,#NBA #UtahJazz - 2000 Karl MALONE UTAH JAZZ Hallmark Ornament 6" Figure UTAH JAZZ New i... http://t.co/79cWSrsmrH http://t.co/lQmogZfBKD
Fri May 01 22:15:25 +0000 2015,#NBA #UtahJazz - EUC Reebok Smooth Deron Williams Utah Jazz Jersey Youth Sz XL (18-20) ... http://t.co/CsL213kRNJ http://t.co/k33Sm3HFUt
Fri May 01 22:15:25 +0000 2015,#NBA #UtahJazz - Used Adidas Mens Paul Millsap Utah Jazz NBA Basketball Swag Cool Jerse... http://t.co/PRcOl8gB2e http://t.co/k33Sm3HFUt
Fri May 01 22:15:24 +0000 2015,#NBA #UtahJazz - Karl Malone Nike Retro Team USA jersey and shorts XL:  $84.99 (0 Bids)... http://t.co/NZNPQA3bB5 http://t.co/k33Sm3HFUt
Fri May 01 22:15:24 +0000 2015,#NBA #UtahJazz - REEBOK NBA BOYS  jersey Utah Jazz Deron Williams #8  L-14-16:  $14.99E... http://t.co/TIfq1TaPCg http://t.co/k33Sm3HFUt
Fri May 01 22:15:24 +0000 2015,#NBA #UtahJazz - 2000 Karl MALONE UTAH JAZZ Hallmark Ornament 6" Figure UTAH JAZZ New i... http://t.co/AEScLSs2ob http://t.co/k33Sm3HFUt
Fri May 01 22:08:12 +0000 2015,#UtahJazz #jazznation #gojazz #utah Jimbo's Mailbag – I Know Ante Tomic's Girlfriend http://t.co/pZvtKBYynv